row_id,serial_no,status,temp,accel_x,accel_y,air_gas
0,LASER-HARDWARE-01,RUNNING,23.17,-0.647,-0.158,0.82
1,LASER-HARDWARE-01,RUNNING,24.25,0.268,-0.002,0.75
2,LASER-HARDWARE-01,RUNNING,24.4,0.675,0.238,0.8
3,LASER-HARDWARE-01,RUNNING,23.94,0.475,0.203,0.8
4,LASER-HARDWARE-01,RUNNING,23.64,-0.457,0.422,0.72
5,LASER-HARDWARE-01,RUNNING,23.07,0.262,-0.721,0.82
6,LASER-HARDWARE-01,RUNNING,27.17,-0.342,-0.092,0.83
7,LASER-HARDWARE-01,RUNNING,23.35,-0.367,-0.009,0.81
8,LASER-HARDWARE-01,RUNNING,24.93,-0.092,-0.119,0.89
9,LASER-HARDWARE-01,RUNNING,25.35,0.175,0.453,0.73
10,LASER-HARDWARE-01,RUNNING,22.01,0.431,0.256,0.79
11,LASER-HARDWARE-01,FAULT,27.58,0.064,-0.54,0.29
12,LASER-HARDWARE-01,RUNNING,24.98,0.302,0.354,0.79
13,LASER-HARDWARE-01,RUNNING,24.87,0.269,0.561,0.88
14,LASER-HARDWARE-01,RUNNING,24.03,-0.178,0.602,0.89
15,LASER-HARDWARE-01,RUNNING,23.65,0.439,0.287,0.73
16,LASER-HARDWARE-01,RUNNING,26.13,-0.135,1.075,0.81
17,LASER-HARDWARE-01,RUNNING,24.95,-0.434,0.062,0.79
18,LASER-HARDWARE-01,RUNNING,27.4,-0.156,-0.085,0.9
19,LASER-HARDWARE-01,RUNNING,22.88,0.057,-0.202,0.83
20,LASER-HARDWARE-01,RUNNING,24.4,0.086,-0.06,0.82
21,LASER-HARDWARE-01,RUNNING,26.33,-0.102,0.168,0.83
22,LASER-HARDWARE-01,RUNNING,25.06,-0.616,0.028,0.83
23,LASER-HARDWARE-01,RUNNING,24.46,-0.081,-0.379,0.81
24,LASER-HARDWARE-01,RUNNING,25.24,-0.04,0.584,0.86
25,LASER-HARDWARE-01,RUNNING,22.37,0.273,0.956,0.86
26,LASER-HARDWARE-01,RUNNING,26.3,-0.507,0.74,0.81
27,LASER-HARDWARE-01,RUNNING,22.75,0.472,0.243,0.77
28,LASER-HARDWARE-01,RUNNING,24.29,0.359,-0.099,0.78
29,LASER-HARDWARE-01,RUNNING,27.89,0.247,0.215,0.84
30,LASER-HARDWARE-01,RUNNING,21.38,0.619,-0.16,0.73
31,LASER-HARDWARE-01,FAULT,24.25,0.101,0.919,0.33
32,LASER-HARDWARE-01,RUNNING,26.0,0.236,0.011,0.75
33,LASER-HARDWARE-01,RUNNING,25.29,-0.4,0.331,0.84
34,LASER-HARDWARE-01,RUNNING,24.59,-0.397,-0.453,0.78
35,LASER-HARDWARE-01,RUNNING,22.81,-0.179,0.479,0.76
36,LASER-HARDWARE-01,FAULT,25.18,-1.201,-3.14,0.72
37,LASER-HARDWARE-01,RUNNING,22.38,-0.12,0.094,0.76
38,LASER-HARDWARE-01,RUNNING,22.85,0.083,0.125,0.77
39,LASER-HARDWARE-01,RUNNING,23.2,0.311,-0.395,0.72
40,LASER-HARDWARE-01,RUNNING,23.51,0.388,-0.055,0.88
41,LASER-HARDWARE-01,FAULT,57.44,-0.138,0.229,0.83
42,LASER-HARDWARE-01,RUNNING,23.43,-0.21,-0.486,0.79
43,LASER-HARDWARE-01,RUNNING,22.39,-0.854,-0.127,0.78
44,LASER-HARDWARE-01,RUNNING,26.03,-0.105,-0.42,0.86
45,LASER-HARDWARE-01,RUNNING,22.19,-0.173,-0.332,0.79
46,LASER-HARDWARE-01,RUNNING,25.53,-0.388,-0.066,0.8
47,LASER-HARDWARE-01,RUNNING,27.75,-0.275,-0.167,0.73
48,LASER-HARDWARE-01,RUNNING,25.9,-0.155,-0.395,0.88
49,LASER-HARDWARE-01,RUNNING,25.09,-0.249,-0.203,0.72
50,LASER-HARDWARE-01,RUNNING,26.35,-0.43,-0.285,0.79
51,LASER-HARDWARE-01,RUNNING,24.64,0.081,0.61,0.74
52,LASER-HARDWARE-01,RUNNING,22.92,0.087,0.706,0.72
53,LASER-HARDWARE-01,RUNNING,24.8,0.125,-0.447,0.8
54,LASER-HARDWARE-01,RUNNING,23.9,0.48,0.265,0.82
55,LASER-HARDWARE-01,RUNNING,25.66,0.468,0.402,0.79
56,LASER-HARDWARE-01,RUNNING,28.71,0.135,-0.143,0.8
57,LASER-HARDWARE-01,RUNNING,25.27,-0.279,-0.181,0.8
58,LASER-HARDWARE-01,RUNNING,27.16,-0.154,0.602,0.89
59,LASER-HARDWARE-01,RUNNING,27.28,0.77,0.146,0.77
60,LASER-HARDWARE-01,RUNNING,26.22,-0.036,0.555,0.82
61,LASER-HARDWARE-01,RUNNING,30.72,0.238,0.001,0.8
62,LASER-HARDWARE-01,RUNNING,26.33,-0.018,-0.11,0.8
63,LASER-HARDWARE-01,RUNNING,26.57,0.542,-0.254,0.77
64,LASER-HARDWARE-01,RUNNING,26.6,-0.215,0.525,0.77
65,LASER-HARDWARE-01,RUNNING,22.75,-0.289,-0.195,0.79
66,LASER-HARDWARE-01,RUNNING,22.49,-0.044,0.136,0.87
67,LASER-HARDWARE-01,RUNNING,23.72,-0.093,0.226,0.82
68,LASER-HARDWARE-01,RUNNING,23.72,0.718,-0.263,0.76
69,LASER-HARDWARE-01,RUNNING,23.16,-0.118,0.347,0.82
70,LASER-HARDWARE-01,RUNNING,23.4,0.752,-0.42,0.85
71,LASER-HARDWARE-01,RUNNING,21.82,-0.196,0.232,0.9
72,LASER-HARDWARE-01,RUNNING,27.42,-0.328,-0.197,0.81
73,LASER-HARDWARE-01,RUNNING,25.74,-0.792,-0.681,0.78
74,LASER-HARDWARE-01,RUNNING,26.98,-0.082,-0.216,0.83
75,LASER-HARDWARE-01,RUNNING,26.03,-0.748,-0.203,0.76
76,LASER-HARDWARE-01,RUNNING,27.3,0.292,0.17,0.82
77,LASER-HARDWARE-01,RUNNING,24.03,-0.828,0.28,0.87
78,LASER-HARDWARE-01,RUNNING,24.84,-0.308,0.707,0.9
79,LASER-HARDWARE-01,RUNNING,24.71,-0.351,0.057,0.69
80,LASER-HARDWARE-01,RUNNING,22.73,-0.413,0.332,0.74
81,LASER-HARDWARE-01,RUNNING,27.13,-0.617,-0.593,0.89
82,LASER-HARDWARE-01,RUNNING,22.24,0.151,0.122,0.79
83,LASER-HARDWARE-01,RUNNING,24.11,1.033,0.166,0.79
84,LASER-HARDWARE-01,RUNNING,26.3,-0.602,0.196,0.87
85,LASER-HARDWARE-01,RUNNING,29.25,-0.023,-0.173,0.78
86,LASER-HARDWARE-01,RUNNING,24.96,-0.016,0.229,0.8
87,LASER-HARDWARE-01,RUNNING,24.34,0.003,0.298,0.75
88,LASER-HARDWARE-01,RUNNING,24.61,0.287,0.22,0.87
89,LASER-HARDWARE-01,RUNNING,22.74,-0.213,-0.051,0.85
90,LASER-HARDWARE-01,RUNNING,25.08,-0.133,-0.368,0.8
91,LASER-HARDWARE-01,RUNNING,27.86,0.375,0.12,0.79
92,LASER-HARDWARE-01,RUNNING,25.19,0.204,-0.281,0.85
93,LASER-HARDWARE-01,FAULT,24.4,-0.418,-0.058,0.35
94,LASER-HARDWARE-01,RUNNING,26.18,-0.011,-0.526,0.81
95,LASER-HARDWARE-01,RUNNING,27.94,0.237,0.068,0.86
96,LASER-HARDWARE-01,FAULT,58.82,-0.502,-0.312,0.87
97,LASER-HARDWARE-01,RUNNING,27.22,1.019,-0.318,0.68
98,LASER-HARDWARE-01,RUNNING,25.01,0.198,-0.058,0.71
99,LASER-HARDWARE-01,RUNNING,23.45,-0.094,-0.408,0.72
100,LASER-HARDWARE-01,RUNNING,23.9,0.505,-0.53,0.87
101,LASER-HARDWARE-01,RUNNING,22.93,-0.273,0.065,0.83
102,LASER-HARDWARE-01,RUNNING,25.02,-0.219,0.2,0.8
103,LASER-HARDWARE-01,RUNNING,26.0,-0.314,-0.305,0.86
104,LASER-HARDWARE-01,RUNNING,26.22,0.087,0.305,0.77
105,LASER-HARDWARE-01,RUNNING,27.17,0.138,-0.085,0.79
106,LASER-HARDWARE-01,RUNNING,25.81,0.254,-0.223,0.77
107,LASER-HARDWARE-01,RUNNING,26.64,0.402,0.229,0.86
108,LASER-HARDWARE-01,RUNNING,25.96,0.287,-0.368,0.88
109,LASER-HARDWARE-01,RUNNING,23.25,-0.129,0.029,0.79
110,LASER-HARDWARE-01,RUNNING,25.55,0.434,-0.053,0.89
111,LASER-HARDWARE-01,RUNNING,29.29,0.352,-0.438,0.83
112,LASER-HARDWARE-01,RUNNING,25.48,-0.193,-0.546,0.85
113,LASER-HARDWARE-01,RUNNING,25.9,0.174,-0.124,0.78
114,LASER-HARDWARE-01,RUNNING,23.47,-0.168,-0.53,0.77
115,LASER-HARDWARE-01,RUNNING,26.45,0.205,-0.098,0.76
116,LASER-HARDWARE-01,RUNNING,25.96,0.323,0.638,0.78
117,LASER-HARDWARE-01,FAULT,59.73,-1.069,-0.072,0.83
118,LASER-HARDWARE-01,RUNNING,21.88,-0.272,0.361,0.8
119,LASER-HARDWARE-01,RUNNING,24.85,0.551,0.256,0.81
120,LASER-HARDWARE-01,RUNNING,24.81,-0.223,0.478,0.67
121,LASER-HARDWARE-01,RUNNING,25.26,-0.258,0.355,0.87
122,LASER-HARDWARE-01,RUNNING,28.53,0.471,-0.371,0.83
123,LASER-HARDWARE-01,RUNNING,23.36,0.241,0.074,0.86
124,LASER-HARDWARE-01,RUNNING,25.57,0.043,0.059,0.76
125,LASER-HARDWARE-01,RUNNING,23.26,0.411,-0.161,0.78
126,LASER-HARDWARE-01,RUNNING,27.09,0.376,-0.112,0.75
127,LASER-HARDWARE-01,RUNNING,26.27,0.167,0.525,0.76
128,LASER-HARDWARE-01,RUNNING,24.64,0.513,-0.023,0.84
129,LASER-HARDWARE-01,RUNNING,24.08,-0.295,-0.224,0.86
130,LASER-HARDWARE-01,RUNNING,21.94,0.085,-0.123,0.86
131,LASER-HARDWARE-01,FAULT,50.91,0.329,-0.002,0.82
132,LASER-HARDWARE-01,RUNNING,25.06,0.859,0.419,0.85
133,LASER-HARDWARE-01,RUNNING,25.87,-0.393,-0.2,0.83
134,LASER-HARDWARE-01,RUNNING,24.22,-0.93,0.314,0.81
135,LASER-HARDWARE-01,RUNNING,23.43,-0.04,-0.033,0.87
136,LASER-HARDWARE-01,RUNNING,25.64,-0.19,0.079,0.81
137,LASER-HARDWARE-01,RUNNING,28.31,-0.099,0.07,0.86
138,LASER-HARDWARE-01,RUNNING,26.17,0.253,-0.119,0.73
139,LASER-HARDWARE-01,RUNNING,25.36,-0.141,0.23,0.83
140,LASER-HARDWARE-01,RUNNING,24.64,-0.518,-0.234,0.81
141,LASER-HARDWARE-01,RUNNING,23.42,0.035,0.505,0.82
142,LASER-HARDWARE-01,RUNNING,26.9,-0.373,0.215,0.93
143,LASER-HARDWARE-01,RUNNING,24.41,0.089,-0.239,0.76
144,LASER-HARDWARE-01,RUNNING,23.11,0.155,-0.543,0.81
145,LASER-HARDWARE-01,RUNNING,25.53,-0.436,-0.637,0.79
146,LASER-HARDWARE-01,RUNNING,24.68,0.534,0.081,0.85
147,LASER-HARDWARE-01,RUNNING,24.33,-0.394,0.011,0.84
148,LASER-HARDWARE-01,RUNNING,27.32,0.23,-0.006,0.79
149,LASER-HARDWARE-01,RUNNING,26.03,0.313,-0.722,0.8
150,LASER-HARDWARE-01,RUNNING,25.99,0.23,-0.754,0.85
151,LASER-HARDWARE-01,RUNNING,23.68,0.136,0.901,0.8
152,LASER-HARDWARE-01,RUNNING,24.33,0.453,-0.377,0.84
153,LASER-HARDWARE-01,RUNNING,26.45,-0.452,-0.681,0.79
154,LASER-HARDWARE-01,RUNNING,28.82,0.028,0.197,0.73
155,LASER-HARDWARE-01,RUNNING,25.11,-0.811,0.222,0.85
156,LASER-HARDWARE-01,RUNNING,23.48,-0.66,-0.55,0.82
157,LASER-HARDWARE-01,RUNNING,23.16,-0.177,-0.408,0.75
158,LASER-HARDWARE-01,RUNNING,25.07,-0.333,-0.152,0.79
159,LASER-HARDWARE-01,RUNNING,24.43,0.376,-0.111,0.74
160,LASER-HARDWARE-01,RUNNING,30.3,-0.509,-0.249,0.78
161,LASER-HARDWARE-01,RUNNING,25.04,0.373,-0.134,0.78
162,LASER-HARDWARE-01,RUNNING,26.53,0.59,-0.566,0.85
163,LASER-HARDWARE-01,RUNNING,24.53,-0.034,-0.546,0.73
164,LASER-HARDWARE-01,RUNNING,25.72,0.076,-0.536,0.76
165,LASER-HARDWARE-01,RUNNING,25.96,0.577,0.291,0.73
166,LASER-HARDWARE-01,RUNNING,22.84,0.648,0.507,0.79
167,LASER-HARDWARE-01,RUNNING,30.22,0.116,0.293,0.87
168,LASER-HARDWARE-01,RUNNING,26.07,-0.511,0.716,0.83
169,LASER-HARDWARE-01,RUNNING,26.57,0.002,0.47,0.75
170,LASER-HARDWARE-01,RUNNING,23.54,0.045,0.443,0.74
171,LASER-HARDWARE-01,RUNNING,27.11,-0.691,-0.337,0.77
172,LASER-HARDWARE-01,RUNNING,27.93,0.525,0.305,0.8
173,LASER-HARDWARE-01,RUNNING,21.79,-0.121,0.553,0.72
174,LASER-HARDWARE-01,RUNNING,25.14,-0.717,-0.315,0.87
175,LASER-HARDWARE-01,RUNNING,28.59,-0.256,-0.452,0.82
176,LASER-HARDWARE-01,RUNNING,22.75,-0.212,0.131,0.85
177,LASER-HARDWARE-01,RUNNING,23.64,-0.475,0.117,0.91
178,LASER-HARDWARE-01,RUNNING,23.68,-0.282,-0.44,0.74
179,LASER-HARDWARE-01,RUNNING,27.82,-0.759,-0.111,0.77
180,LASER-HARDWARE-01,RUNNING,22.95,-0.061,0.074,0.74
181,LASER-HARDWARE-01,RUNNING,22.73,-0.125,-0.036,0.76
182,LASER-HARDWARE-01,RUNNING,26.61,0.448,0.098,0.79
183,LASER-HARDWARE-01,RUNNING,23.28,-0.034,0.61,0.82
184,LASER-HARDWARE-01,RUNNING,25.47,-0.307,0.457,0.87
185,LASER-HARDWARE-01,RUNNING,25.66,0.625,0.331,0.81
186,LASER-HARDWARE-01,RUNNING,23.84,-0.616,0.461,0.67
187,LASER-HARDWARE-01,RUNNING,25.17,0.56,0.443,0.77
188,LASER-HARDWARE-01,RUNNING,29.62,-0.423,-0.905,0.8
189,LASER-HARDWARE-01,RUNNING,27.53,0.23,0.082,0.85
190,LASER-HARDWARE-01,RUNNING,26.62,0.006,-0.492,0.78
191,LASER-HARDWARE-01,RUNNING,24.11,-0.106,0.682,0.76
192,LASER-HARDWARE-01,RUNNING,28.28,0.309,0.593,0.8
193,LASER-HARDWARE-01,RUNNING,27.06,-0.003,0.31,0.75
194,LASER-HARDWARE-01,RUNNING,23.8,-0.038,-0.112,0.8
195,LASER-HARDWARE-01,RUNNING,22.31,0.447,-0.283,0.72
196,LASER-HARDWARE-01,RUNNING,26.8,0.746,-0.364,0.84
197,LASER-HARDWARE-01,RUNNING,25.92,0.308,0.129,0.85
198,LASER-HARDWARE-01,RUNNING,27.83,-0.325,-0.094,0.79
199,LASER-HARDWARE-01,RUNNING,26.28,-0.039,-0.438,0.73
200,LASER-HARDWARE-01,RUNNING,26.02,0.248,-0.114,0.76
201,LASER-HARDWARE-01,RUNNING,21.98,0.976,0.207,0.79
202,LASER-HARDWARE-01,RUNNING,26.67,0.558,-0.338,0.77
203,LASER-HARDWARE-01,RUNNING,25.53,-0.207,0.078,0.81
204,LASER-HARDWARE-01,RUNNING,26.55,-0.512,-0.602,0.83
205,LASER-HARDWARE-01,RUNNING,25.28,0.193,-0.159,0.8
206,LASER-HARDWARE-01,RUNNING,27.09,-0.543,-0.165,0.78
207,LASER-HARDWARE-01,RUNNING,25.87,0.032,-0.273,0.81
208,LASER-HARDWARE-01,RUNNING,24.86,0.177,-0.379,0.86
209,LASER-HARDWARE-01,RUNNING,24.65,-0.803,0.043,0.85
210,LASER-HARDWARE-01,RUNNING,25.62,0.649,-1.094,0.8
211,LASER-HARDWARE-01,RUNNING,23.87,-0.608,0.8,0.82
212,LASER-HARDWARE-01,RUNNING,25.38,0.18,-1.182,0.8
213,LASER-HARDWARE-01,RUNNING,22.31,0.261,0.298,0.84
214,LASER-HARDWARE-01,RUNNING,24.35,-0.578,0.465,0.81
215,LASER-HARDWARE-01,RUNNING,22.33,0.384,0.081,0.77
216,LASER-HARDWARE-01,RUNNING,24.13,0.112,-0.52,0.81
217,LASER-HARDWARE-01,RUNNING,24.0,-0.507,0.146,0.78
218,LASER-HARDWARE-01,RUNNING,26.29,0.033,0.094,0.88
219,LASER-HARDWARE-01,RUNNING,27.5,0.276,-0.039,0.85
220,LASER-HARDWARE-01,RUNNING,21.77,0.319,0.298,0.87
221,LASER-HARDWARE-01,FAULT,26.13,-1.116,-0.172,0.77
222,LASER-HARDWARE-01,RUNNING,28.43,0.316,0.496,0.78
223,LASER-HARDWARE-01,RUNNING,24.38,-0.638,-0.502,0.77
224,LASER-HARDWARE-01,RUNNING,27.37,0.107,0.21,0.86
225,LASER-HARDWARE-01,RUNNING,27.61,-0.358,-0.122,0.75
226,LASER-HARDWARE-01,RUNNING,23.91,-0.2,0.688,0.82
227,LASER-HARDWARE-01,RUNNING,21.91,0.192,0.354,0.9
228,LASER-HARDWARE-01,RUNNING,26.09,-0.108,-0.426,0.73
229,LASER-HARDWARE-01,RUNNING,25.95,-0.548,0.363,0.85
230,LASER-HARDWARE-01,RUNNING,25.85,0.139,-0.174,0.89
231,LASER-HARDWARE-01,RUNNING,26.73,-0.25,0.746,0.76
232,LASER-HARDWARE-01,RUNNING,22.22,0.564,-0.278,0.74
233,LASER-HARDWARE-01,RUNNING,28.42,0.314,0.301,0.83
234,LASER-HARDWARE-01,RUNNING,24.46,0.021,0.065,0.83
235,LASER-HARDWARE-01,RUNNING,23.64,0.632,-0.157,0.88
236,LASER-HARDWARE-01,FAULT,52.61,-0.243,-0.157,0.82
237,LASER-HARDWARE-01,RUNNING,24.56,0.111,-0.593,0.88
238,LASER-HARDWARE-01,RUNNING,25.75,0.175,-0.478,0.74
239,LASER-HARDWARE-01,RUNNING,21.97,0.431,0.564,0.87
240,LASER-HARDWARE-01,RUNNING,23.35,0.414,0.081,0.92
241,LASER-HARDWARE-01,RUNNING,22.84,-0.007,-0.952,0.76
242,LASER-HARDWARE-01,RUNNING,23.43,0.219,0.525,0.8
243,LASER-HARDWARE-01,RUNNING,27.37,-0.163,0.224,0.79
244,LASER-HARDWARE-01,RUNNING,22.92,-0.73,-0.279,0.88
245,LASER-HARDWARE-01,RUNNING,28.32,0.133,-0.541,0.76
246,LASER-HARDWARE-01,RUNNING,21.06,0.904,0.082,0.83
247,LASER-HARDWARE-01,RUNNING,25.73,-0.884,-0.251,0.8
248,LASER-HARDWARE-01,RUNNING,19.91,0.096,-0.207,0.72
249,LASER-HARDWARE-01,RUNNING,23.18,0.382,0.186,0.75
250,LASER-HARDWARE-01,FAULT,19.91,-1.711,-0.798,0.85
251,LASER-HARDWARE-01,RUNNING,24.63,-0.718,-0.746,0.91
252,LASER-HARDWARE-01,RUNNING,24.17,0.794,0.123,0.75
253,LASER-HARDWARE-01,RUNNING,22.09,0.249,-0.57,0.75
254,LASER-HARDWARE-01,RUNNING,27.42,-0.086,-0.444,0.76
255,LASER-HARDWARE-01,RUNNING,22.97,-0.18,0.313,0.82
256,LASER-HARDWARE-01,RUNNING,28.49,0.857,-0.323,0.74
257,LASER-HARDWARE-01,RUNNING,22.86,-0.275,0.66,0.81
258,LASER-HARDWARE-01,RUNNING,22.7,-0.881,0.638,0.76
259,LASER-HARDWARE-01,RUNNING,25.93,0.272,-0.615,0.77
260,LASER-HARDWARE-01,RUNNING,22.67,0.284,0.383,0.73
261,LASER-HARDWARE-01,RUNNING,26.87,0.467,-0.412,0.78
262,LASER-HARDWARE-01,RUNNING,25.96,0.382,-0.374,0.87
263,LASER-HARDWARE-01,RUNNING,28.41,0.497,-0.086,0.87
264,LASER-HARDWARE-01,RUNNING,23.86,0.164,0.442,0.77
265,LASER-HARDWARE-01,RUNNING,29.19,0.384,0.345,0.78
266,LASER-HARDWARE-01,RUNNING,24.36,-0.095,0.224,0.81
267,LASER-HARDWARE-01,RUNNING,22.18,-0.202,-0.039,0.76
268,LASER-HARDWARE-01,RUNNING,24.48,-0.006,0.417,0.9
269,LASER-HARDWARE-01,RUNNING,27.32,-0.06,0.03,0.83
270,LASER-HARDWARE-01,RUNNING,22.68,-0.169,0.219,0.81
271,LASER-HARDWARE-01,RUNNING,24.47,-0.099,0.24,0.8
272,LASER-HARDWARE-01,RUNNING,25.44,0.488,-0.021,0.85
273,LASER-HARDWARE-01,RUNNING,24.89,-0.042,0.401,0.87
274,LASER-HARDWARE-01,RUNNING,22.59,-0.463,0.821,0.88
275,LASER-HARDWARE-01,RUNNING,23.87,0.437,-0.198,0.79
276,LASER-HARDWARE-01,RUNNING,24.76,0.017,0.056,0.88
277,LASER-HARDWARE-01,RUNNING,26.18,-0.258,-0.175,0.85
278,LASER-HARDWARE-01,RUNNING,26.83,0.573,0.314,0.72
279,LASER-HARDWARE-01,RUNNING,26.5,0.561,0.136,0.85
280,LASER-HARDWARE-01,RUNNING,20.67,-0.144,-0.077,0.83
281,LASER-HARDWARE-01,RUNNING,27.38,-0.185,0.242,0.81
282,LASER-HARDWARE-01,RUNNING,28.83,0.084,-0.627,0.79
283,LASER-HARDWARE-01,RUNNING,26.01,-0.204,0.108,0.83
284,LASER-HARDWARE-01,RUNNING,22.96,-0.14,-0.076,0.7
285,LASER-HARDWARE-01,RUNNING,21.41,0.208,0.562,0.71
286,LASER-HARDWARE-01,RUNNING,24.81,0.71,-0.192,0.79
287,LASER-HARDWARE-01,RUNNING,24.34,-0.513,-0.242,0.74
288,LASER-HARDWARE-01,RUNNING,22.26,-0.235,0.512,0.84
289,LASER-HARDWARE-01,RUNNING,23.61,-0.124,-0.193,0.83
290,LASER-HARDWARE-01,FAULT,28.25,0.056,0.175,0.36
291,LASER-HARDWARE-01,RUNNING,24.47,-0.227,0.746,0.71
292,LASER-HARDWARE-01,RUNNING,24.51,-0.021,0.459,0.92
293,LASER-HARDWARE-01,RUNNING,24.7,0.053,-0.849,0.83
294,LASER-HARDWARE-01,RUNNING,24.08,-0.488,-0.745,0.81
295,LASER-HARDWARE-01,FAULT,26.22,-0.733,0.035,0.78
296,LASER-HARDWARE-01,RUNNING,23.72,0.304,0.085,0.83
297,LASER-HARDWARE-01,RUNNING,20.62,-0.045,0.336,0.79
298,LASER-HARDWARE-01,FAULT,54.41,-0.137,0.858,0.85
299,LASER-HARDWARE-01,RUNNING,26.11,0.221,0.454,0.76
300,LASER-HARDWARE-01,RUNNING,22.56,0.14,0.135,0.81
301,LASER-HARDWARE-01,FAULT,22.77,-0.805,3.186,0.74
302,LASER-HARDWARE-01,RUNNING,23.08,-0.028,-0.708,0.84
303,LASER-HARDWARE-01,RUNNING,21.95,0.311,-0.4,0.76
304,LASER-HARDWARE-01,RUNNING,27.4,-0.08,0.417,0.75
305,LASER-HARDWARE-01,RUNNING,20.9,0.073,-0.089,0.79
306,LASER-HARDWARE-01,RUNNING,25.01,0.429,-0.687,0.74
307,LASER-HARDWARE-01,RUNNING,24.58,-0.037,-0.17,0.82
308,LASER-HARDWARE-01,RUNNING,24.05,-0.261,0.66,0.83
309,LASER-HARDWARE-01,RUNNING,26.24,0.618,-0.89,0.81
310,LASER-HARDWARE-01,RUNNING,28.74,-0.784,0.043,0.83
311,LASER-HARDWARE-01,RUNNING,21.48,-0.435,1.001,0.84
312,LASER-HARDWARE-01,RUNNING,24.09,-0.168,-0.095,0.77
313,LASER-HARDWARE-01,RUNNING,26.95,0.158,-0.507,0.9
314,LASER-HARDWARE-01,RUNNING,24.64,0.101,0.54,0.8
315,LASER-HARDWARE-01,RUNNING,27.56,-0.145,-0.694,0.77
316,LASER-HARDWARE-01,RUNNING,22.42,0.04,0.521,0.74
317,LASER-HARDWARE-01,RUNNING,20.97,-0.119,-0.371,0.72
318,LASER-HARDWARE-01,RUNNING,25.11,-0.867,1.234,0.82
319,LASER-HARDWARE-01,RUNNING,24.65,0.399,-0.367,0.72
320,LASER-HARDWARE-01,FAULT,25.01,-1.912,1.234,0.82
321,LASER-HARDWARE-01,RUNNING,24.44,0.046,-0.175,0.73
322,LASER-HARDWARE-01,RUNNING,30.6,0.184,-0.508,0.68
323,LASER-HARDWARE-01,RUNNING,28.94,-0.165,-0.122,0.72
324,LASER-HARDWARE-01,RUNNING,25.82,0.15,-0.38,0.83
325,LASER-HARDWARE-01,RUNNING,30.28,1.203,1.054,0.78
326,LASER-HARDWARE-01,RUNNING,25.84,0.369,-0.114,0.8
327,LASER-HARDWARE-01,RUNNING,26.03,-0.124,0.213,0.85
328,LASER-HARDWARE-01,RUNNING,24.65,0.046,-0.128,0.83
329,LASER-HARDWARE-01,RUNNING,25.32,-0.855,0.143,0.75
330,LASER-HARDWARE-01,RUNNING,23.7,-0.004,1.029,0.9
331,LASER-HARDWARE-01,RUNNING,26.57,-0.981,0.321,0.82
332,LASER-HARDWARE-01,RUNNING,26.91,0.519,-0.191,0.87
333,LASER-HARDWARE-01,RUNNING,25.76,0.121,0.077,0.74
334,LASER-HARDWARE-01,RUNNING,23.66,-0.021,-0.954,0.81
335,LASER-HARDWARE-01,RUNNING,25.22,-0.145,-0.456,0.83
336,LASER-HARDWARE-01,RUNNING,24.12,-0.339,0.057,0.78
337,LASER-HARDWARE-01,RUNNING,25.6,0.155,-0.121,0.79
338,LASER-HARDWARE-01,RUNNING,20.62,1.18,-0.067,0.78
339,LASER-HARDWARE-01,RUNNING,24.67,-0.291,0.859,0.79
340,LASER-HARDWARE-01,RUNNING,27.03,0.79,-0.515,0.84
341,LASER-HARDWARE-01,RUNNING,22.93,0.018,-0.133,0.82
342,LASER-HARDWARE-01,RUNNING,21.01,0.321,-0.132,0.89
343,LASER-HARDWARE-01,RUNNING,24.13,-0.154,-0.115,0.69
344,LASER-HARDWARE-01,RUNNING,24.9,-0.094,-0.103,0.81
345,LASER-HARDWARE-01,RUNNING,26.53,-0.005,-0.122,0.81
346,LASER-HARDWARE-01,RUNNING,28.02,-0.232,-0.572,0.8
347,LASER-HARDWARE-01,RUNNING,26.4,0.326,-0.357,0.78
348,LASER-HARDWARE-01,RUNNING,24.8,-0.202,-0.227,0.73
349,LASER-HARDWARE-01,RUNNING,26.59,-0.429,-0.193,0.78
350,LASER-HARDWARE-01,FAULT,24.43,1.894,0.677,0.79
351,LASER-HARDWARE-01,RUNNING,24.08,0.266,-0.159,0.87
352,LASER-HARDWARE-01,RUNNING,24.53,-0.205,-0.166,0.78
353,LASER-HARDWARE-01,RUNNING,25.87,-0.065,0.585,0.81
354,LASER-HARDWARE-01,RUNNING,24.96,0.281,-0.005,0.71
355,LASER-HARDWARE-01,RUNNING,25.26,0.512,0.411,0.87
356,LASER-HARDWARE-01,RUNNING,28.92,0.229,0.428,0.8
357,LASER-HARDWARE-01,RUNNING,27.48,-0.101,-0.121,0.81
358,LASER-HARDWARE-01,RUNNING,27.56,0.634,-0.109,0.78
359,LASER-HARDWARE-01,RUNNING,19.17,0.612,0.611,0.83
360,LASER-HARDWARE-01,RUNNING,25.55,-0.153,-0.039,0.77
361,LASER-HARDWARE-01,RUNNING,25.39,-0.356,0.276,0.88
362,LASER-HARDWARE-01,RUNNING,22.95,-0.595,-0.059,0.76
363,LASER-HARDWARE-01,RUNNING,25.32,0.552,0.22,0.87
364,LASER-HARDWARE-01,RUNNING,25.59,0.366,-0.592,0.81
365,LASER-HARDWARE-01,FAULT,52.13,0.326,0.579,0.8
366,LASER-HARDWARE-01,RUNNING,24.73,-0.162,0.702,0.79
367,LASER-HARDWARE-01,RUNNING,25.04,0.813,-0.387,0.76
368,LASER-HARDWARE-01,RUNNING,25.16,0.415,-0.623,0.79
369,LASER-HARDWARE-01,RUNNING,21.83,-0.484,0.906,0.87
370,LASER-HARDWARE-01,RUNNING,25.0,-0.49,-0.039,0.81
371,LASER-HARDWARE-01,RUNNING,24.29,-0.638,-0.119,0.78
372,LASER-HARDWARE-01,RUNNING,24.3,-0.372,-0.795,0.9
373,LASER-HARDWARE-01,FAULT,59.7,0.299,-0.161,0.81
374,LASER-HARDWARE-01,RUNNING,27.41,0.234,-0.237,0.73
375,LASER-HARDWARE-01,RUNNING,22.03,0.104,0.031,0.87
376,LASER-HARDWARE-01,RUNNING,24.17,0.295,-0.108,0.76
377,LASER-HARDWARE-01,FAULT,58.32,-0.56,-0.393,0.83
378,LASER-HARDWARE-01,RUNNING,27.27,0.668,0.027,0.79
379,LASER-HARDWARE-01,RUNNING,26.27,-0.047,-0.804,0.85
380,LASER-HARDWARE-01,RUNNING,21.26,0.098,0.428,0.79
381,LASER-HARDWARE-01,RUNNING,22.99,0.432,-0.582,0.78
382,LASER-HARDWARE-01,RUNNING,24.64,0.472,-0.145,0.84
383,LASER-HARDWARE-01,RUNNING,24.48,0.908,0.309,0.8
384,LASER-HARDWARE-01,RUNNING,25.17,-1.37,-0.943,0.78
385,LASER-HARDWARE-01,RUNNING,25.59,0.11,0.994,0.73
386,LASER-HARDWARE-01,RUNNING,25.82,0.193,0.204,0.77
387,LASER-HARDWARE-01,RUNNING,25.56,0.529,0.065,0.69
388,LASER-HARDWARE-01,RUNNING,25.21,0.377,0.066,0.83
389,LASER-HARDWARE-01,RUNNING,24.38,-0.485,-0.627,0.89
390,LASER-HARDWARE-01,RUNNING,23.54,-0.189,0.297,0.86
391,LASER-HARDWARE-01,RUNNING,22.02,0.357,0.781,0.77
392,LASER-HARDWARE-01,RUNNING,23.53,0.367,-0.546,0.79
393,LASER-HARDWARE-01,RUNNING,26.43,0.092,0.349,0.75
394,LASER-HARDWARE-01,RUNNING,24.83,0.15,-0.174,0.89
395,LASER-HARDWARE-01,RUNNING,22.78,0.167,0.037,0.87
396,LASER-HARDWARE-01,FAULT,23.2,0.013,0.425,0.23
397,LASER-HARDWARE-01,RUNNING,24.69,0.447,0.698,0.74
398,LASER-HARDWARE-01,RUNNING,29.24,0.805,0.371,0.84
399,LASER-HARDWARE-01,RUNNING,28.4,-0.152,0.44,0.85
400,LASER-HARDWARE-01,RUNNING,23.89,0.253,0.22,0.81
401,LASER-HARDWARE-01,RUNNING,28.13,0.542,-0.207,0.85
402,LASER-HARDWARE-01,RUNNING,24.03,0.714,0.006,0.81
403,LASER-HARDWARE-01,RUNNING,21.91,-0.568,0.174,0.91
404,LASER-HARDWARE-01,RUNNING,25.35,0.473,0.305,0.9
405,LASER-HARDWARE-01,RUNNING,23.37,0.316,-0.561,0.82
406,LASER-HARDWARE-01,RUNNING,27.39,-0.032,-0.226,0.86
407,LASER-HARDWARE-01,RUNNING,25.89,-0.239,0.553,0.76
408,LASER-HARDWARE-01,RUNNING,23.4,-0.198,-0.365,0.79
409,LASER-HARDWARE-01,RUNNING,30.32,-0.034,-0.216,0.76
410,LASER-HARDWARE-01,RUNNING,27.35,-0.692,-0.234,0.85
411,LASER-HARDWARE-01,RUNNING,22.86,0.328,0.392,0.76
412,LASER-HARDWARE-01,RUNNING,25.51,-0.678,0.286,0.81
413,LASER-HARDWARE-01,RUNNING,24.28,0.155,0.471,0.73
414,LASER-HARDWARE-01,RUNNING,26.3,-0.143,-0.285,0.81
415,LASER-HARDWARE-01,RUNNING,24.4,0.45,-0.241,0.82
416,LASER-HARDWARE-01,RUNNING,21.03,0.479,0.084,0.83
417,LASER-HARDWARE-01,RUNNING,28.25,0.797,-0.311,0.75
418,LASER-HARDWARE-01,FAULT,54.88,0.121,-0.375,0.78
419,LASER-HARDWARE-01,RUNNING,26.43,0.236,-0.714,0.84
420,LASER-HARDWARE-01,RUNNING,26.08,-0.164,0.774,0.78
421,LASER-HARDWARE-01,RUNNING,25.21,-0.057,0.224,0.84
422,LASER-HARDWARE-01,RUNNING,23.53,0.531,0.235,0.77
423,LASER-HARDWARE-01,RUNNING,25.64,0.127,-0.49,0.83
424,LASER-HARDWARE-01,FAULT,25.95,1.483,-4.958,0.8
425,LASER-HARDWARE-01,RUNNING,23.54,-0.283,-0.467,0.76
426,LASER-HARDWARE-01,RUNNING,21.85,0.122,-0.195,0.89
427,LASER-HARDWARE-01,RUNNING,25.08,-0.053,-0.561,0.85
428,LASER-HARDWARE-01,RUNNING,30.87,0.123,0.332,0.76
429,LASER-HARDWARE-01,RUNNING,23.02,0.077,-0.216,0.74
430,LASER-HARDWARE-01,RUNNING,25.52,0.31,-0.449,0.81
431,LASER-HARDWARE-01,RUNNING,23.95,0.662,-0.181,0.82
432,LASER-HARDWARE-01,RUNNING,23.86,0.307,0.487,0.79
433,LASER-HARDWARE-01,RUNNING,21.37,0.129,0.921,0.91
434,LASER-HARDWARE-01,RUNNING,26.67,-0.181,0.313,0.87
435,LASER-HARDWARE-01,RUNNING,24.71,0.578,-0.286,0.78
436,LASER-HARDWARE-01,RUNNING,31.69,0.96,-0.329,0.73
437,LASER-HARDWARE-01,FAULT,23.87,0.047,-0.827,0.33
438,LASER-HARDWARE-01,RUNNING,26.16,0.117,-0.073,0.84
439,LASER-HARDWARE-01,RUNNING,26.39,0.239,-0.902,0.8
440,LASER-HARDWARE-01,RUNNING,24.14,-0.327,0.22,0.8
441,LASER-HARDWARE-01,FAULT,24.76,-0.656,-0.24,0.36
442,LASER-HARDWARE-01,RUNNING,25.26,-0.233,0.222,0.8
443,LASER-HARDWARE-01,RUNNING,24.87,-0.02,0.082,0.86
444,LASER-HARDWARE-01,RUNNING,28.34,0.415,0.762,0.83
445,LASER-HARDWARE-01,RUNNING,23.67,0.164,-0.525,0.74
446,LASER-HARDWARE-01,RUNNING,19.32,0.151,0.921,0.79
447,LASER-HARDWARE-01,RUNNING,25.2,0.004,0.2,0.79
448,LASER-HARDWARE-01,RUNNING,29.38,0.096,0.435,0.82
449,LASER-HARDWARE-01,FAULT,60.06,1.089,-0.111,0.75
450,LASER-HARDWARE-01,RUNNING,27.21,0.391,0.438,0.71
451,LASER-HARDWARE-01,RUNNING,26.99,-0.67,0.53,0.86
452,LASER-HARDWARE-01,RUNNING,21.88,-0.576,0.548,0.78
453,LASER-HARDWARE-01,RUNNING,25.29,0.662,-0.701,0.78
454,LASER-HARDWARE-01,RUNNING,23.83,0.23,0.114,0.81
455,LASER-HARDWARE-01,RUNNING,24.83,0.132,-0.047,0.92
456,LASER-HARDWARE-01,FAULT,22.75,0.606,-0.291,0.31
457,LASER-HARDWARE-01,RUNNING,24.72,0.403,0.023,0.88
458,LASER-HARDWARE-01,RUNNING,25.87,-0.074,-0.264,0.89
459,LASER-HARDWARE-01,RUNNING,25.74,0.342,0.031,0.76
460,LASER-HARDWARE-01,RUNNING,28.26,0.169,0.086,0.8
461,LASER-HARDWARE-01,FAULT,24.76,3.518,-3.61,0.75
462,LASER-HARDWARE-01,RUNNING,24.95,-0.756,-0.349,0.65
463,LASER-HARDWARE-01,RUNNING,23.79,0.373,0.44,0.74
464,LASER-HARDWARE-01,RUNNING,26.66,0.046,-0.393,0.74
465,LASER-HARDWARE-01,RUNNING,24.11,-0.237,-0.127,0.78
466,LASER-HARDWARE-01,FAULT,26.06,0.225,0.185,0.22
467,LASER-HARDWARE-01,RUNNING,25.67,0.415,-0.409,0.76
468,LASER-HARDWARE-01,RUNNING,24.58,0.208,0.077,0.74
469,LASER-HARDWARE-01,RUNNING,28.5,0.282,-0.085,0.84
470,LASER-HARDWARE-01,RUNNING,23.82,0.322,-0.229,0.74
471,LASER-HARDWARE-01,RUNNING,23.86,-0.263,0.732,0.72
472,LASER-HARDWARE-01,RUNNING,25.65,-0.449,0.193,0.84
473,LASER-HARDWARE-01,RUNNING,21.86,0.456,0.01,0.76
474,LASER-HARDWARE-01,RUNNING,27.73,0.426,-0.031,0.74
475,LASER-HARDWARE-01,RUNNING,26.89,-0.621,-0.179,0.76
476,LASER-HARDWARE-01,FAULT,27.99,0.017,-0.188,0.21
477,LASER-HARDWARE-01,RUNNING,22.87,-0.122,-0.589,0.84
478,LASER-HARDWARE-01,RUNNING,26.16,0.052,0.232,0.9
479,LASER-HARDWARE-01,RUNNING,21.92,0.386,0.428,0.83
480,LASER-HARDWARE-01,RUNNING,24.12,0.121,-0.461,0.81
481,LASER-HARDWARE-01,RUNNING,26.19,-0.003,0.22,0.76
482,LASER-HARDWARE-01,RUNNING,26.46,0.445,-0.154,0.88
483,LASER-HARDWARE-01,RUNNING,23.62,0.75,-0.292,0.75
484,LASER-HARDWARE-01,RUNNING,23.63,0.038,0.197,0.87
485,LASER-HARDWARE-01,RUNNING,24.42,-0.481,0.152,0.76
486,LASER-HARDWARE-01,RUNNING,25.48,-0.305,-0.426,0.73
487,LASER-HARDWARE-01,RUNNING,24.63,-0.026,-0.097,0.8
488,LASER-HARDWARE-01,RUNNING,24.06,0.79,0.017,0.8
489,LASER-HARDWARE-01,RUNNING,25.44,0.153,-0.524,0.75
490,LASER-HARDWARE-01,RUNNING,20.28,-0.445,0.051,0.85
491,LASER-HARDWARE-01,RUNNING,23.84,0.479,-0.616,0.83
492,LASER-HARDWARE-01,RUNNING,23.97,0.348,0.849,0.83
493,LASER-HARDWARE-01,RUNNING,23.66,-0.044,0.189,0.83
494,LASER-HARDWARE-01,RUNNING,25.4,-0.045,0.398,0.87
495,LASER-HARDWARE-01,RUNNING,28.17,0.021,-0.103,0.82
496,LASER-HARDWARE-01,RUNNING,24.47,0.349,0.453,0.72
497,LASER-HARDWARE-01,RUNNING,20.8,-0.311,0.115,0.79
498,LASER-HARDWARE-01,RUNNING,22.47,0.428,0.324,0.76
499,LASER-HARDWARE-01,RUNNING,25.67,0.717,-0.205,0.84
500,LASER-HARDWARE-01,RUNNING,21.9,0.158,1.043,0.79
501,LASER-HARDWARE-01,RUNNING,28.05,-0.533,-0.439,0.83
502,LASER-HARDWARE-01,RUNNING,22.63,-0.183,-0.47,0.8
503,LASER-HARDWARE-01,RUNNING,25.39,0.192,0.653,0.8
504,LASER-HARDWARE-01,RUNNING,25.72,-0.665,0.124,0.81
505,LASER-HARDWARE-01,RUNNING,23.82,-0.129,0.126,0.68
506,LASER-HARDWARE-01,RUNNING,26.11,0.202,0.476,0.85
507,LASER-HARDWARE-01,RUNNING,23.23,0.45,0.363,0.84
508,LASER-HARDWARE-01,RUNNING,23.09,0.29,-0.377,0.75
509,LASER-HARDWARE-01,RUNNING,23.97,-0.426,0.035,0.77
510,LASER-HARDWARE-01,RUNNING,25.8,-0.77,-0.158,0.78
511,LASER-HARDWARE-01,RUNNING,26.62,-0.227,0.058,0.73
512,LASER-HARDWARE-01,RUNNING,25.7,0.12,0.144,0.75
513,LASER-HARDWARE-01,RUNNING,21.7,0.365,-0.172,0.8
514,LASER-HARDWARE-01,RUNNING,25.13,-0.163,0.176,0.82
515,LASER-HARDWARE-01,RUNNING,22.87,0.235,-0.478,0.86
516,LASER-HARDWARE-01,FAULT,22.83,0.971,-0.304,0.8
517,LASER-HARDWARE-01,RUNNING,27.08,0.443,0.056,0.86
518,LASER-HARDWARE-01,RUNNING,25.74,0.152,0.217,0.75
519,LASER-HARDWARE-01,RUNNING,23.39,-0.227,0.991,0.77
520,LASER-HARDWARE-01,RUNNING,25.07,-0.28,-0.401,0.76
521,LASER-HARDWARE-01,RUNNING,24.46,-0.212,-0.516,0.78
522,LASER-HARDWARE-01,RUNNING,25.94,-0.064,-0.465,0.84
523,LASER-HARDWARE-01,RUNNING,22.6,0.031,-0.636,0.93
524,LASER-HARDWARE-01,RUNNING,23.89,0.454,0.444,0.73
525,LASER-HARDWARE-01,RUNNING,24.88,-0.024,-0.044,0.8
526,LASER-HARDWARE-01,RUNNING,23.36,0.194,0.233,0.85
527,LASER-HARDWARE-01,RUNNING,25.45,-0.047,0.178,0.77
528,LASER-HARDWARE-01,RUNNING,24.12,-0.161,-0.241,0.75
529,LASER-HARDWARE-01,RUNNING,27.12,-0.015,0.251,0.83
530,LASER-HARDWARE-01,RUNNING,22.72,0.578,0.103,0.85
531,LASER-HARDWARE-01,RUNNING,27.68,-0.161,-0.762,0.82
532,LASER-HARDWARE-01,RUNNING,25.1,-0.088,0.328,0.76
533,LASER-HARDWARE-01,RUNNING,24.36,-0.385,0.675,0.82
534,LASER-HARDWARE-01,RUNNING,24.08,0.782,0.104,0.86
535,LASER-HARDWARE-01,RUNNING,22.15,-0.281,0.079,0.82
536,LASER-HARDWARE-01,RUNNING,27.17,0.214,-0.156,0.8
537,LASER-HARDWARE-01,RUNNING,28.19,0.175,0.132,0.86
538,LASER-HARDWARE-01,RUNNING,23.88,0.266,-0.311,0.88
539,LASER-HARDWARE-01,RUNNING,24.37,-0.276,0.761,0.81
540,LASER-HARDWARE-01,RUNNING,26.69,-0.309,0.195,0.82
541,LASER-HARDWARE-01,RUNNING,22.8,0.295,-0.359,0.87
542,LASER-HARDWARE-01,RUNNING,22.79,0.075,0.944,0.74
543,LASER-HARDWARE-01,RUNNING,23.84,0.253,-0.513,0.74
544,LASER-HARDWARE-01,RUNNING,23.12,-0.14,0.7,0.87
545,LASER-HARDWARE-01,RUNNING,24.99,0.106,-0.342,0.86
546,LASER-HARDWARE-01,RUNNING,24.74,-0.353,-0.518,0.78
547,LASER-HARDWARE-01,RUNNING,25.5,0.164,-0.044,0.83
548,LASER-HARDWARE-01,RUNNING,26.72,0.128,0.509,0.85
549,LASER-HARDWARE-01,RUNNING,24.27,0.428,-0.891,0.78
550,LASER-HARDWARE-01,RUNNING,26.86,-0.217,0.22,0.7
551,LASER-HARDWARE-01,RUNNING,24.9,0.386,-0.206,0.84
552,LASER-HARDWARE-01,RUNNING,22.82,-0.073,-0.206,0.79
553,LASER-HARDWARE-01,RUNNING,25.63,0.115,0.079,0.8
554,LASER-HARDWARE-01,RUNNING,24.7,0.022,0.04,0.81
555,LASER-HARDWARE-01,RUNNING,26.05,0.615,0.636,0.77
556,LASER-HARDWARE-01,FAULT,63.71,0.637,-0.017,0.8
557,LASER-HARDWARE-01,RUNNING,26.02,0.052,-0.395,0.79
558,LASER-HARDWARE-01,RUNNING,22.95,0.022,0.285,0.82
559,LASER-HARDWARE-01,RUNNING,26.52,0.354,-0.239,0.78
560,LASER-HARDWARE-01,RUNNING,26.61,0.101,-0.161,0.81
561,LASER-HARDWARE-01,RUNNING,25.84,-0.731,-0.055,0.82
562,LASER-HARDWARE-01,RUNNING,22.68,-0.282,0.308,0.8
563,LASER-HARDWARE-01,RUNNING,26.9,0.642,0.387,0.73
564,LASER-HARDWARE-01,RUNNING,21.19,-0.056,-0.584,0.9
565,LASER-HARDWARE-01,RUNNING,23.6,-0.762,-0.363,0.76
566,LASER-HARDWARE-01,RUNNING,25.56,-0.633,-0.117,0.7
567,LASER-HARDWARE-01,RUNNING,22.73,-0.296,-0.15,0.82
568,LASER-HARDWARE-01,RUNNING,25.17,0.182,-0.001,0.86
569,LASER-HARDWARE-01,RUNNING,22.28,0.643,0.602,0.8
570,LASER-HARDWARE-01,RUNNING,22.32,0.104,-0.248,0.86
571,LASER-HARDWARE-01,RUNNING,25.74,0.345,-0.383,0.77
572,LASER-HARDWARE-01,RUNNING,24.77,0.09,0.297,0.82
573,LASER-HARDWARE-01,RUNNING,25.0,-0.071,0.127,0.75
574,LASER-HARDWARE-01,RUNNING,24.02,-0.269,0.441,0.79
575,LASER-HARDWARE-01,RUNNING,26.26,0.677,-0.089,0.83
576,LASER-HARDWARE-01,RUNNING,23.47,-0.122,0.338,0.82
577,LASER-HARDWARE-01,RUNNING,25.74,-0.361,0.693,0.81
578,LASER-HARDWARE-01,RUNNING,22.88,0.06,-0.04,0.87
579,LASER-HARDWARE-01,RUNNING,24.06,-0.503,0.114,0.75
580,LASER-HARDWARE-01,RUNNING,28.72,-0.239,-0.84,0.81
581,LASER-HARDWARE-01,RUNNING,28.89,0.567,0.034,0.74
582,LASER-HARDWARE-01,RUNNING,25.45,-0.217,-0.571,0.8
583,LASER-HARDWARE-01,RUNNING,26.03,-0.746,-0.325,0.9
584,LASER-HARDWARE-01,RUNNING,24.73,-0.239,0.607,0.77
585,LASER-HARDWARE-01,RUNNING,26.8,-0.256,0.356,0.83
586,LASER-HARDWARE-01,RUNNING,22.14,-0.308,-0.356,0.89
587,LASER-HARDWARE-01,RUNNING,21.67,0.259,-0.615,0.84
588,LASER-HARDWARE-01,RUNNING,22.08,-0.007,0.172,0.9
589,LASER-HARDWARE-01,RUNNING,27.15,-0.19,0.379,0.81
590,LASER-HARDWARE-01,RUNNING,25.15,0.479,-0.995,0.81
591,LASER-HARDWARE-01,RUNNING,24.17,0.212,-0.391,0.85
592,LASER-HARDWARE-01,RUNNING,26.42,0.556,-0.433,0.83
593,LASER-HARDWARE-01,RUNNING,23.6,-0.56,0.014,0.78
594,LASER-HARDWARE-01,RUNNING,24.49,0.763,0.107,0.65
595,LASER-HARDWARE-01,RUNNING,24.55,0.477,0.391,0.83
596,LASER-HARDWARE-01,RUNNING,25.46,-0.904,0.439,0.76
597,LASER-HARDWARE-01,RUNNING,24.62,0.451,-0.383,0.8
598,LASER-HARDWARE-01,RUNNING,27.37,0.435,-0.546,0.72
599,LASER-HARDWARE-01,RUNNING,21.92,-0.742,0.017,0.73
600,LASER-HARDWARE-01,FAULT,23.44,-0.246,-0.471,0.8
601,LASER-HARDWARE-01,RUNNING,25.47,-0.369,-0.061,0.84
602,LASER-HARDWARE-01,RUNNING,23.51,0.633,0.335,0.7
603,LASER-HARDWARE-01,RUNNING,23.81,-0.137,0.425,0.75
604,LASER-HARDWARE-01,RUNNING,27.77,0.405,-0.014,0.73
605,LASER-HARDWARE-01,RUNNING,23.98,0.644,-0.524,0.82
606,LASER-HARDWARE-01,RUNNING,22.96,-0.333,0.251,0.81
607,LASER-HARDWARE-01,FAULT,57.56,-0.293,-0.444,0.83
608,LASER-HARDWARE-01,RUNNING,23.12,0.827,0.604,0.7
609,LASER-HARDWARE-01,RUNNING,26.94,-0.076,-0.373,0.84
610,LASER-HARDWARE-01,RUNNING,21.95,-0.503,0.487,0.82
611,LASER-HARDWARE-01,RUNNING,28.07,0.126,-0.594,0.75
612,LASER-HARDWARE-01,RUNNING,26.72,-0.406,0.064,0.76
613,LASER-HARDWARE-01,RUNNING,26.11,0.488,0.361,0.8
614,LASER-HARDWARE-01,RUNNING,23.61,-0.286,0.299,0.85
615,LASER-HARDWARE-01,RUNNING,26.63,-0.171,0.605,0.84
616,LASER-HARDWARE-01,RUNNING,24.5,0.45,-0.193,0.75
617,LASER-HARDWARE-01,RUNNING,24.25,0.175,-0.076,0.85
618,LASER-HARDWARE-01,RUNNING,23.83,-0.382,-0.526,0.73
619,LASER-HARDWARE-01,RUNNING,22.43,-0.005,0.059,0.77
620,LASER-HARDWARE-01,RUNNING,22.82,-0.802,-0.374,0.9
621,LASER-HARDWARE-01,FAULT,27.14,0.932,-0.537,0.81
622,LASER-HARDWARE-01,FAULT,58.1,-0.797,0.742,0.78
623,LASER-HARDWARE-01,RUNNING,21.28,0.155,-0.235,0.82
624,LASER-HARDWARE-01,RUNNING,27.32,0.629,-0.137,0.78
625,LASER-HARDWARE-01,RUNNING,23.35,0.425,0.926,0.81
626,LASER-HARDWARE-01,RUNNING,21.69,0.149,-0.75,0.78
627,LASER-HARDWARE-01,RUNNING,24.74,-0.194,0.065,0.86
628,LASER-HARDWARE-01,RUNNING,24.47,0.135,0.242,0.77
629,LASER-HARDWARE-01,RUNNING,25.95,-0.014,-0.748,0.89
630,LASER-HARDWARE-01,RUNNING,25.41,0.594,0.623,0.79
631,LASER-HARDWARE-01,RUNNING,30.1,-0.004,0.135,0.79
632,LASER-HARDWARE-01,RUNNING,25.99,0.737,0.391,0.76
633,LASER-HARDWARE-01,RUNNING,26.69,0.213,0.081,0.81
634,LASER-HARDWARE-01,RUNNING,24.88,0.094,-0.345,0.76
635,LASER-HARDWARE-01,RUNNING,22.3,0.639,-0.045,0.77
636,LASER-HARDWARE-01,RUNNING,25.84,0.308,-0.0,0.75
637,LASER-HARDWARE-01,RUNNING,24.92,-0.09,0.569,0.7
638,LASER-HARDWARE-01,FAULT,24.66,-0.689,-0.739,0.8
639,LASER-HARDWARE-01,RUNNING,22.13,-0.203,-0.311,0.77
640,LASER-HARDWARE-01,FAULT,50.03,-0.635,0.85,0.81
641,LASER-HARDWARE-01,RUNNING,24.64,-0.244,0.713,0.81
642,LASER-HARDWARE-01,RUNNING,26.45,0.179,-0.333,0.82
643,LASER-HARDWARE-01,RUNNING,21.59,-0.28,0.734,0.76
644,LASER-HARDWARE-01,RUNNING,27.29,0.75,-0.694,0.85
645,LASER-HARDWARE-01,RUNNING,20.71,0.09,-0.166,0.87
646,LASER-HARDWARE-01,RUNNING,26.77,-0.512,-0.101,0.71
647,LASER-HARDWARE-01,RUNNING,25.58,-0.221,-0.471,0.85
648,LASER-HARDWARE-01,RUNNING,23.8,-0.06,0.794,0.87
649,LASER-HARDWARE-01,RUNNING,23.82,-0.829,0.632,0.87
650,LASER-HARDWARE-01,RUNNING,24.14,0.596,-0.482,0.76
651,LASER-HARDWARE-01,RUNNING,28.77,-0.013,0.686,0.88
652,LASER-HARDWARE-01,FAULT,22.39,-2.258,-3.986,0.87
653,LASER-HARDWARE-01,RUNNING,24.31,0.191,-0.497,0.68
654,LASER-HARDWARE-01,RUNNING,24.07,-0.072,0.7,0.83
655,LASER-HARDWARE-01,RUNNING,25.54,0.482,-0.287,0.79
656,LASER-HARDWARE-01,RUNNING,27.89,0.236,0.335,0.76
657,LASER-HARDWARE-01,RUNNING,24.44,0.049,-0.242,0.76
658,LASER-HARDWARE-01,RUNNING,26.83,0.067,0.465,0.83
659,LASER-HARDWARE-01,FAULT,28.84,-1.43,-5.213,0.8
660,LASER-HARDWARE-01,RUNNING,25.64,0.117,0.283,0.68
661,LASER-HARDWARE-01,RUNNING,30.19,-0.366,0.149,0.79
662,LASER-HARDWARE-01,RUNNING,22.98,0.283,-0.295,0.84
663,LASER-HARDWARE-01,RUNNING,23.85,0.447,-0.478,0.68
664,LASER-HARDWARE-01,RUNNING,25.91,0.339,-0.128,0.78
665,LASER-HARDWARE-01,RUNNING,21.64,-0.667,-0.258,0.76
666,LASER-HARDWARE-01,RUNNING,24.56,-0.269,-0.408,0.88
667,LASER-HARDWARE-01,RUNNING,25.44,-0.811,-0.444,0.73
668,LASER-HARDWARE-01,RUNNING,22.77,-0.241,-0.219,0.84
669,LASER-HARDWARE-01,RUNNING,25.65,-0.546,-0.122,0.79
670,LASER-HARDWARE-01,RUNNING,23.49,0.415,-0.109,0.77
671,LASER-HARDWARE-01,RUNNING,22.39,0.464,0.911,0.75
672,LASER-HARDWARE-01,RUNNING,23.3,0.11,-0.729,0.85
673,LASER-HARDWARE-01,RUNNING,25.49,0.236,0.291,0.78
674,LASER-HARDWARE-01,RUNNING,20.45,0.272,0.161,0.82
675,LASER-HARDWARE-01,RUNNING,25.26,-0.127,0.275,0.81
676,LASER-HARDWARE-01,RUNNING,24.83,0.493,0.181,0.82
677,LASER-HARDWARE-01,RUNNING,21.57,-0.177,-0.549,0.8
678,LASER-HARDWARE-01,RUNNING,25.55,0.076,-0.016,0.79
679,LASER-HARDWARE-01,RUNNING,28.35,-0.217,0.004,0.78
680,LASER-HARDWARE-01,RUNNING,26.86,-0.867,-0.001,0.76
681,LASER-HARDWARE-01,RUNNING,27.38,-0.28,-0.673,0.82
682,LASER-HARDWARE-01,RUNNING,26.72,0.661,0.24,0.72
683,LASER-HARDWARE-01,RUNNING,24.35,-0.134,-0.253,0.77
684,LASER-HARDWARE-01,RUNNING,23.6,-0.144,0.198,0.85
685,LASER-HARDWARE-01,RUNNING,24.86,0.452,-0.1,0.77
686,LASER-HARDWARE-01,RUNNING,24.92,-0.493,-0.309,0.85
687,LASER-HARDWARE-01,RUNNING,25.0,-0.337,0.004,0.83
688,LASER-HARDWARE-01,RUNNING,25.32,-0.268,0.094,0.81
689,LASER-HARDWARE-01,RUNNING,23.14,-0.063,0.762,0.84
690,LASER-HARDWARE-01,RUNNING,27.24,0.094,-0.133,0.8
691,LASER-HARDWARE-01,RUNNING,23.82,-0.174,-0.043,0.82
692,LASER-HARDWARE-01,RUNNING,24.32,0.188,-0.028,0.86
693,LASER-HARDWARE-01,RUNNING,23.45,0.15,0.277,0.81
694,LASER-HARDWARE-01,RUNNING,24.67,0.612,-0.502,0.89
695,LASER-HARDWARE-01,RUNNING,26.9,-0.127,-0.34,0.82
696,LASER-HARDWARE-01,RUNNING,26.11,-0.107,-0.134,0.76
697,LASER-HARDWARE-01,RUNNING,26.57,0.015,0.533,0.78
698,LASER-HARDWARE-01,RUNNING,26.81,-0.38,-0.65,0.79
699,LASER-HARDWARE-01,RUNNING,27.46,0.213,-0.273,0.72
700,LASER-HARDWARE-01,RUNNING,21.88,-0.199,0.273,0.8
701,LASER-HARDWARE-01,FAULT,53.24,0.182,0.19,0.79
702,LASER-HARDWARE-01,RUNNING,27.7,0.122,-0.729,0.75
703,LASER-HARDWARE-01,RUNNING,26.74,0.163,-0.61,0.85
704,LASER-HARDWARE-01,RUNNING,22.8,-0.237,0.401,0.81
705,LASER-HARDWARE-01,RUNNING,21.19,0.168,0.082,0.77
706,LASER-HARDWARE-01,RUNNING,22.38,-0.249,0.306,0.86
707,LASER-HARDWARE-01,RUNNING,25.94,0.166,-0.661,0.82
708,LASER-HARDWARE-01,RUNNING,26.13,0.013,0.01,0.69
709,LASER-HARDWARE-01,RUNNING,23.75,-0.68,-0.389,0.87
710,LASER-HARDWARE-01,RUNNING,28.67,0.173,0.326,0.73
711,LASER-HARDWARE-01,RUNNING,24.82,0.06,-0.287,0.81
712,LASER-HARDWARE-01,RUNNING,28.5,0.014,-0.118,0.77
713,LASER-HARDWARE-01,RUNNING,23.32,-0.076,0.416,0.8
714,LASER-HARDWARE-01,RUNNING,24.77,0.432,-0.087,0.85
715,LASER-HARDWARE-01,RUNNING,26.5,0.336,0.232,0.84
716,LASER-HARDWARE-01,RUNNING,25.63,0.013,-0.365,0.86
717,LASER-HARDWARE-01,FAULT,26.08,-0.639,-0.667,0.37
718,LASER-HARDWARE-01,RUNNING,24.49,0.063,0.104,0.81
719,LASER-HARDWARE-01,RUNNING,30.1,-0.762,-0.227,0.79
720,LASER-HARDWARE-01,RUNNING,26.67,0.288,-0.191,0.8
721,LASER-HARDWARE-01,RUNNING,23.81,0.359,-0.008,0.83
722,LASER-HARDWARE-01,RUNNING,27.21,-0.062,0.303,0.78
723,LASER-HARDWARE-01,RUNNING,24.19,0.008,0.038,0.83
724,LASER-HARDWARE-01,RUNNING,24.72,0.512,0.022,0.84
725,LASER-HARDWARE-01,RUNNING,27.68,-0.378,0.69,0.77
726,LASER-HARDWARE-01,RUNNING,21.02,-0.161,-0.016,0.82
727,LASER-HARDWARE-01,RUNNING,26.81,0.15,0.16,0.76
728,LASER-HARDWARE-01,RUNNING,26.04,0.385,-0.538,0.76
729,LASER-HARDWARE-01,RUNNING,24.31,0.048,-0.328,0.85
730,LASER-HARDWARE-01,RUNNING,25.47,-0.41,0.074,0.81
731,LASER-HARDWARE-01,RUNNING,22.24,-0.156,-0.12,0.65
732,LASER-HARDWARE-01,RUNNING,23.73,0.071,-0.864,0.86
733,LASER-HARDWARE-01,RUNNING,26.91,-0.829,0.493,0.73
734,LASER-HARDWARE-01,RUNNING,24.5,-1.12,0.907,0.76
735,LASER-HARDWARE-01,RUNNING,25.7,0.491,0.146,0.76
736,LASER-HARDWARE-01,RUNNING,27.26,-0.083,0.312,0.74
737,LASER-HARDWARE-01,RUNNING,22.88,0.239,0.19,0.79
738,LASER-HARDWARE-01,RUNNING,24.75,-0.223,-0.272,0.79
739,LASER-HARDWARE-01,RUNNING,24.77,-0.076,-0.192,0.74
740,LASER-HARDWARE-01,RUNNING,26.45,-0.582,0.16,0.8
741,LASER-HARDWARE-01,RUNNING,24.96,-0.517,-0.252,0.8
742,LASER-HARDWARE-01,RUNNING,26.01,-0.144,0.206,0.75
743,LASER-HARDWARE-01,RUNNING,25.91,0.188,-0.481,0.79
744,LASER-HARDWARE-01,RUNNING,26.74,0.014,-0.075,0.78
745,LASER-HARDWARE-01,RUNNING,23.09,0.064,0.014,0.78
746,LASER-HARDWARE-01,RUNNING,28.33,-0.144,0.557,0.74
747,LASER-HARDWARE-01,RUNNING,22.76,0.561,-0.388,0.81
748,LASER-HARDWARE-01,RUNNING,26.62,-0.471,0.169,0.81
749,LASER-HARDWARE-01,RUNNING,22.94,0.579,0.257,0.73
750,LASER-HARDWARE-01,RUNNING,25.0,-0.17,-0.485,0.72
751,LASER-HARDWARE-01,RUNNING,27.3,-0.636,0.044,0.85
752,LASER-HARDWARE-01,RUNNING,25.5,-0.207,0.617,0.77
753,LASER-HARDWARE-01,RUNNING,23.69,-0.508,0.133,0.73
754,LASER-HARDWARE-01,RUNNING,21.15,0.198,0.088,0.79
755,LASER-HARDWARE-01,RUNNING,22.87,-0.306,0.526,0.76
756,LASER-HARDWARE-01,RUNNING,27.33,0.337,-0.089,0.84
757,LASER-HARDWARE-01,RUNNING,28.12,-0.167,-0.758,0.88
758,LASER-HARDWARE-01,RUNNING,26.38,-0.047,-0.398,0.86
759,LASER-HARDWARE-01,RUNNING,24.67,-0.212,-0.279,0.82
760,LASER-HARDWARE-01,RUNNING,22.61,-0.108,-0.108,0.9
761,LASER-HARDWARE-01,RUNNING,28.29,0.484,-0.717,0.87
762,LASER-HARDWARE-01,RUNNING,27.28,0.184,0.448,0.79
763,LASER-HARDWARE-01,FAULT,28.8,0.247,-0.078,0.32
764,LASER-HARDWARE-01,RUNNING,28.53,-0.586,-0.126,0.74
765,LASER-HARDWARE-01,RUNNING,25.91,0.093,0.158,0.8
766,LASER-HARDWARE-01,RUNNING,24.18,-0.244,-0.352,0.78
767,LASER-HARDWARE-01,RUNNING,22.45,-0.02,-0.907,0.74
768,LASER-HARDWARE-01,RUNNING,23.84,-0.429,0.128,0.86
769,LASER-HARDWARE-01,RUNNING,25.9,0.418,-0.372,0.73
770,LASER-HARDWARE-01,RUNNING,23.69,0.263,-0.051,0.72
771,LASER-HARDWARE-01,RUNNING,22.89,0.522,0.088,0.72
772,LASER-HARDWARE-01,RUNNING,21.76,0.002,-0.07,0.78
773,LASER-HARDWARE-01,RUNNING,23.96,0.497,-0.239,0.8
774,LASER-HARDWARE-01,FAULT,23.3,1.68,-0.376,0.8
775,LASER-HARDWARE-01,RUNNING,24.37,-0.701,0.559,0.78
776,LASER-HARDWARE-01,RUNNING,25.59,-0.568,-0.052,0.8
777,LASER-HARDWARE-01,RUNNING,26.67,0.615,-0.029,0.78
778,LASER-HARDWARE-01,RUNNING,26.28,0.321,-0.114,0.85
779,LASER-HARDWARE-01,RUNNING,27.25,0.069,0.359,0.8
780,LASER-HARDWARE-01,FAULT,27.05,-0.363,0.825,0.47
781,LASER-HARDWARE-01,FAULT,27.05,-0.461,-0.343,0.2
782,LASER-HARDWARE-01,RUNNING,21.71,-0.267,-0.128,0.78
783,LASER-HARDWARE-01,RUNNING,24.09,-0.049,-0.016,0.85
784,LASER-HARDWARE-01,FAULT,23.31,-0.069,0.677,0.77
785,LASER-HARDWARE-01,RUNNING,24.87,-0.399,0.364,0.84
786,LASER-HARDWARE-01,RUNNING,26.08,-0.471,0.651,0.78
787,LASER-HARDWARE-01,RUNNING,25.01,-0.344,0.562,0.92
788,LASER-HARDWARE-01,RUNNING,21.34,0.499,0.013,0.8
789,LASER-HARDWARE-01,RUNNING,20.75,-1.159,0.301,0.78
790,LASER-HARDWARE-01,RUNNING,24.07,0.439,-0.306,0.78
791,LASER-HARDWARE-01,FAULT,43.76,-0.349,-0.574,0.78
792,LASER-HARDWARE-01,RUNNING,26.58,-0.623,0.133,0.76
793,LASER-HARDWARE-01,RUNNING,22.07,0.142,0.453,0.8
794,LASER-HARDWARE-01,RUNNING,25.17,0.538,0.368,0.82
795,LASER-HARDWARE-01,RUNNING,25.11,-0.157,0.33,0.83
796,LASER-HARDWARE-01,RUNNING,25.02,-0.871,-0.112,0.83
797,LASER-HARDWARE-01,RUNNING,24.41,-0.515,-0.305,0.84
798,LASER-HARDWARE-01,RUNNING,25.35,-0.295,0.466,0.78
799,LASER-HARDWARE-01,RUNNING,25.26,0.002,-0.224,0.82
800,LASER-HARDWARE-01,RUNNING,20.46,0.313,0.59,0.8
801,LASER-HARDWARE-01,RUNNING,27.23,-0.18,0.361,0.82
802,LASER-HARDWARE-01,RUNNING,25.19,0.256,-0.331,0.67
803,LASER-HARDWARE-01,RUNNING,23.17,0.25,-0.31,0.83
804,LASER-HARDWARE-01,RUNNING,21.71,0.385,0.078,0.8
805,LASER-HARDWARE-01,RUNNING,26.04,0.105,0.317,0.74
806,LASER-HARDWARE-01,RUNNING,21.38,0.485,0.405,0.8
807,LASER-HARDWARE-01,RUNNING,22.55,0.015,-0.186,0.95
808,LASER-HARDWARE-01,RUNNING,25.67,-0.231,-0.356,0.78
809,LASER-HARDWARE-01,RUNNING,23.98,-0.288,-0.113,0.75
810,LASER-HARDWARE-01,RUNNING,18.24,-0.192,-0.122,0.84
811,LASER-HARDWARE-01,FAULT,24.77,3.699,2.112,0.84
812,LASER-HARDWARE-01,RUNNING,31.37,0.561,-0.518,0.95
813,LASER-HARDWARE-01,RUNNING,25.05,0.161,0.418,0.86
814,LASER-HARDWARE-01,RUNNING,22.37,0.109,0.485,0.82
815,LASER-HARDWARE-01,RUNNING,23.67,-0.834,-0.294,0.82
816,LASER-HARDWARE-01,RUNNING,24.29,-0.163,-0.177,0.73
817,LASER-HARDWARE-01,RUNNING,27.5,0.19,0.149,0.84
818,LASER-HARDWARE-01,RUNNING,22.62,0.714,0.096,0.75
819,LASER-HARDWARE-01,FAULT,29.61,0.052,-0.402,0.35
820,LASER-HARDWARE-01,RUNNING,27.47,-0.661,0.025,0.72
821,LASER-HARDWARE-01,RUNNING,26.68,-0.927,0.515,0.81
822,LASER-HARDWARE-01,RUNNING,25.01,-0.223,-0.42,0.73
823,LASER-HARDWARE-01,RUNNING,27.51,-0.315,-0.801,0.79
824,LASER-HARDWARE-01,RUNNING,28.2,0.073,-0.398,0.81
825,LASER-HARDWARE-01,RUNNING,27.86,-0.138,-0.134,0.89
826,LASER-HARDWARE-01,RUNNING,26.1,0.035,-0.313,0.84
827,LASER-HARDWARE-01,RUNNING,26.63,0.229,0.078,0.78
828,LASER-HARDWARE-01,RUNNING,27.01,0.405,-0.171,0.83
829,LASER-HARDWARE-01,RUNNING,23.9,0.822,0.898,0.79
830,LASER-HARDWARE-01,RUNNING,25.5,-0.226,0.376,0.76
831,LASER-HARDWARE-01,RUNNING,22.25,-0.433,-0.013,0.79
832,LASER-HARDWARE-01,RUNNING,24.18,0.307,0.022,0.77
833,LASER-HARDWARE-01,FAULT,27.24,0.276,0.293,0.26
834,LASER-HARDWARE-01,RUNNING,26.07,0.391,0.606,0.85
835,LASER-HARDWARE-01,RUNNING,24.32,-0.487,-0.198,0.9
836,LASER-HARDWARE-01,RUNNING,22.79,0.248,0.982,0.82
837,LASER-HARDWARE-01,RUNNING,23.66,-0.394,-0.007,0.76
838,LASER-HARDWARE-01,RUNNING,25.89,0.38,-0.604,0.8
839,LASER-HARDWARE-01,RUNNING,21.94,0.015,-0.932,0.86
840,LASER-HARDWARE-01,RUNNING,27.53,-0.422,0.853,0.87
841,LASER-HARDWARE-01,RUNNING,25.89,-0.533,-0.212,0.82
842,LASER-HARDWARE-01,RUNNING,28.28,-0.108,0.272,0.78
843,LASER-HARDWARE-01,RUNNING,24.92,0.534,0.453,0.87
844,LASER-HARDWARE-01,RUNNING,21.32,-0.399,-0.646,0.7
845,LASER-HARDWARE-01,RUNNING,28.73,0.295,0.049,0.83
846,LASER-HARDWARE-01,RUNNING,25.02,-0.919,-0.518,0.87
847,LASER-HARDWARE-01,RUNNING,24.6,0.328,0.121,0.71
848,LASER-HARDWARE-01,RUNNING,24.74,-0.662,0.519,0.76
849,LASER-HARDWARE-01,RUNNING,26.81,0.096,0.525,0.79
850,LASER-HARDWARE-01,RUNNING,25.11,-0.047,-0.099,0.83
851,LASER-HARDWARE-01,RUNNING,23.8,0.317,-0.17,0.91
852,LASER-HARDWARE-01,RUNNING,25.56,0.424,0.895,0.74
853,LASER-HARDWARE-01,RUNNING,24.08,0.791,0.588,0.78
854,LASER-HARDWARE-01,FAULT,60.61,0.655,0.422,0.8
855,LASER-HARDWARE-01,RUNNING,27.35,0.291,0.188,0.78
856,LASER-HARDWARE-01,RUNNING,20.54,-0.165,-0.197,0.76
857,LASER-HARDWARE-01,RUNNING,23.79,-0.125,0.394,0.83
858,LASER-HARDWARE-01,RUNNING,26.28,0.051,-0.324,0.85
859,LASER-HARDWARE-01,RUNNING,26.0,0.151,-0.245,0.84
860,LASER-HARDWARE-01,RUNNING,20.93,0.706,-0.22,0.77
861,LASER-HARDWARE-01,RUNNING,24.92,0.052,0.148,0.83
862,LASER-HARDWARE-01,RUNNING,24.14,0.063,0.598,0.77
863,LASER-HARDWARE-01,RUNNING,24.22,0.505,-0.246,0.8
864,LASER-HARDWARE-01,RUNNING,25.81,-0.096,1.15,0.83
865,LASER-HARDWARE-01,RUNNING,27.72,-0.302,-0.025,0.75
866,LASER-HARDWARE-01,RUNNING,20.36,-0.249,0.055,0.76
867,LASER-HARDWARE-01,RUNNING,25.14,0.147,-0.189,0.93
868,LASER-HARDWARE-01,RUNNING,21.62,-0.322,0.158,0.84
869,LASER-HARDWARE-01,RUNNING,23.63,0.205,-0.024,0.84
870,LASER-HARDWARE-01,RUNNING,25.27,-0.217,-0.071,0.91
871,LASER-HARDWARE-01,RUNNING,25.89,-0.697,-0.017,0.81
872,LASER-HARDWARE-01,RUNNING,24.68,-0.086,-0.691,0.72
873,LASER-HARDWARE-01,RUNNING,25.99,-0.221,-0.051,0.89
874,LASER-HARDWARE-01,RUNNING,26.07,-0.318,0.067,0.77
875,LASER-HARDWARE-01,FAULT,25.42,2.831,-0.081,0.77
876,LASER-HARDWARE-01,RUNNING,22.69,-0.049,0.596,0.76
877,LASER-HARDWARE-01,RUNNING,25.71,-0.135,0.456,0.81
878,LASER-HARDWARE-01,RUNNING,26.02,-0.213,-0.189,0.81
879,LASER-HARDWARE-01,RUNNING,28.68,-0.306,0.076,0.81
880,LASER-HARDWARE-01,RUNNING,25.06,0.152,0.503,0.88
881,LASER-HARDWARE-01,RUNNING,26.24,-0.232,0.018,0.77
882,LASER-HARDWARE-01,RUNNING,25.76,0.052,0.08,0.75
883,LASER-HARDWARE-01,RUNNING,25.54,0.356,0.298,0.84
884,LASER-HARDWARE-01,RUNNING,26.16,0.133,-0.207,0.78
885,LASER-HARDWARE-01,RUNNING,24.2,-0.284,0.465,0.74
886,LASER-HARDWARE-01,RUNNING,24.26,0.482,-0.258,0.75
887,LASER-HARDWARE-01,RUNNING,23.46,0.33,-0.479,0.86
888,LASER-HARDWARE-01,RUNNING,24.15,-0.466,-0.646,0.81
889,LASER-HARDWARE-01,RUNNING,25.21,0.493,-0.465,0.89
890,LASER-HARDWARE-01,RUNNING,23.38,-0.303,0.182,0.76
891,LASER-HARDWARE-01,RUNNING,20.72,0.278,0.832,0.75
892,LASER-HARDWARE-01,RUNNING,22.15,0.249,-0.029,0.73
893,LASER-HARDWARE-01,RUNNING,27.0,-0.395,-0.137,0.89
894,LASER-HARDWARE-01,RUNNING,26.87,0.415,-0.007,0.78
895,LASER-HARDWARE-01,RUNNING,23.6,0.151,0.532,0.74
896,LASER-HARDWARE-01,RUNNING,26.44,0.321,-0.287,0.91
897,LASER-HARDWARE-01,RUNNING,25.11,-0.458,-0.666,0.75
898,LASER-HARDWARE-01,RUNNING,23.16,0.077,0.591,0.82
899,LASER-HARDWARE-01,RUNNING,25.65,-0.331,0.356,0.79
900,LASER-HARDWARE-01,RUNNING,28.3,-0.605,0.187,0.75
901,LASER-HARDWARE-01,RUNNING,24.75,-0.264,-0.059,0.8
902,LASER-HARDWARE-01,RUNNING,27.36,-1.08,0.044,0.75
903,LASER-HARDWARE-01,RUNNING,24.66,0.006,0.06,0.83
904,LASER-HARDWARE-01,RUNNING,24.82,0.24,0.539,0.78
905,LASER-HARDWARE-01,RUNNING,25.65,-0.276,-0.155,0.84
906,LASER-HARDWARE-01,RUNNING,25.26,-0.127,1.246,0.7
907,LASER-HARDWARE-01,RUNNING,26.29,-0.288,0.279,0.77
908,LASER-HARDWARE-01,RUNNING,25.45,0.205,-0.353,0.77
909,LASER-HARDWARE-01,RUNNING,24.0,-0.306,0.338,0.87
910,LASER-HARDWARE-01,RUNNING,21.55,0.205,-0.271,0.8
911,LASER-HARDWARE-01,RUNNING,26.22,0.487,0.476,0.88
912,LASER-HARDWARE-01,RUNNING,22.88,0.034,0.326,0.83
913,LASER-HARDWARE-01,RUNNING,25.71,0.534,0.182,0.82
914,LASER-HARDWARE-01,FAULT,44.33,0.092,-0.942,0.79
915,LASER-HARDWARE-01,RUNNING,23.25,0.078,0.456,0.8
916,LASER-HARDWARE-01,RUNNING,27.11,0.053,0.341,0.84
917,LASER-HARDWARE-01,RUNNING,24.27,-0.399,-0.342,0.8
918,LASER-HARDWARE-01,RUNNING,23.65,0.768,0.111,0.87
919,LASER-HARDWARE-01,RUNNING,22.45,-0.135,0.372,0.71
920,LASER-HARDWARE-01,RUNNING,21.71,-0.89,-0.046,0.76
921,LASER-HARDWARE-01,RUNNING,24.68,0.126,0.224,0.87
922,LASER-HARDWARE-01,RUNNING,24.62,0.596,-0.452,0.84
923,LASER-HARDWARE-01,RUNNING,23.82,0.441,0.273,0.79
924,LASER-HARDWARE-01,RUNNING,25.86,0.064,0.28,0.88
925,LASER-HARDWARE-01,RUNNING,27.71,0.859,-0.338,0.77
926,LASER-HARDWARE-01,RUNNING,25.43,0.264,0.036,0.82
927,LASER-HARDWARE-01,FAULT,58.49,-0.827,1.351,0.85
928,LASER-HARDWARE-01,RUNNING,22.86,0.583,0.489,0.83
929,LASER-HARDWARE-01,RUNNING,26.17,0.228,-0.468,0.74
930,LASER-HARDWARE-01,RUNNING,22.47,0.033,0.11,0.73
931,LASER-HARDWARE-01,RUNNING,26.25,-0.206,-0.297,0.74
932,LASER-HARDWARE-01,RUNNING,22.92,-0.353,-0.064,0.89
933,LASER-HARDWARE-01,RUNNING,24.69,0.184,-0.166,0.81
934,LASER-HARDWARE-01,RUNNING,24.11,0.165,-0.76,0.84
935,LASER-HARDWARE-01,RUNNING,23.75,0.85,-0.028,0.85
936,LASER-HARDWARE-01,RUNNING,22.77,0.164,-0.291,0.78
937,LASER-HARDWARE-01,RUNNING,23.09,0.394,-0.253,0.78
938,LASER-HARDWARE-01,RUNNING,23.65,-0.213,0.736,0.77
939,LASER-HARDWARE-01,RUNNING,23.28,0.354,-0.437,0.84
940,LASER-HARDWARE-01,RUNNING,27.42,-0.324,-0.533,0.81
941,LASER-HARDWARE-01,RUNNING,24.7,0.002,0.172,0.83
942,LASER-HARDWARE-01,RUNNING,26.75,0.219,-0.025,0.82
943,LASER-HARDWARE-01,RUNNING,25.65,0.081,0.061,0.9
944,LASER-HARDWARE-01,RUNNING,23.03,0.268,-0.257,0.77
945,LASER-HARDWARE-01,RUNNING,26.89,0.034,-0.017,0.74
946,LASER-HARDWARE-01,RUNNING,28.71,0.256,-0.468,0.78
947,LASER-HARDWARE-01,RUNNING,24.91,0.112,0.276,0.83
948,LASER-HARDWARE-01,RUNNING,25.46,-0.532,-0.406,0.81
949,LASER-HARDWARE-01,RUNNING,25.95,-0.007,0.532,0.76
950,LASER-HARDWARE-01,RUNNING,25.93,0.101,-0.068,0.8
951,LASER-HARDWARE-01,RUNNING,22.65,0.103,-0.693,0.76
952,LASER-HARDWARE-01,RUNNING,27.39,0.661,-0.052,0.73
953,LASER-HARDWARE-01,RUNNING,24.26,-0.629,0.058,0.75
954,LASER-HARDWARE-01,FAULT,26.84,0.082,-0.677,0.35
955,LASER-HARDWARE-01,FAULT,62.16,-0.103,0.441,0.85
956,LASER-HARDWARE-01,RUNNING,21.82,-0.375,-0.771,0.86
957,LASER-HARDWARE-01,RUNNING,19.89,0.16,0.234,0.81
958,LASER-HARDWARE-01,RUNNING,27.18,-0.06,0.056,0.85
959,LASER-HARDWARE-01,RUNNING,27.12,-0.033,0.636,0.78
960,LASER-HARDWARE-01,RUNNING,25.13,0.543,-0.189,0.87
961,LASER-HARDWARE-01,RUNNING,22.18,0.153,-0.323,0.78
962,LASER-HARDWARE-01,RUNNING,23.14,0.133,0.128,0.77
963,LASER-HARDWARE-01,RUNNING,22.14,0.75,-0.268,0.81
964,LASER-HARDWARE-01,RUNNING,23.58,-0.409,-0.07,0.87
965,LASER-HARDWARE-01,RUNNING,27.91,-0.304,0.147,0.76
966,LASER-HARDWARE-01,RUNNING,22.57,-0.227,0.748,0.81
967,LASER-HARDWARE-01,RUNNING,26.7,0.378,0.252,0.75
968,LASER-HARDWARE-01,RUNNING,22.77,0.312,0.075,0.86
969,LASER-HARDWARE-01,RUNNING,23.44,0.417,-0.208,0.73
970,LASER-HARDWARE-01,FAULT,52.56,0.748,0.886,0.89
971,LASER-HARDWARE-01,RUNNING,23.04,0.034,0.48,0.81
972,LASER-HARDWARE-01,RUNNING,22.59,0.461,-0.345,0.71
973,LASER-HARDWARE-01,RUNNING,25.09,0.102,0.366,0.81
974,LASER-HARDWARE-01,FAULT,55.22,0.352,0.626,0.79
975,LASER-HARDWARE-01,RUNNING,20.97,0.341,-0.762,0.82
976,LASER-HARDWARE-01,RUNNING,27.02,0.277,0.078,0.85
977,LASER-HARDWARE-01,RUNNING,25.2,0.204,0.783,0.83
978,LASER-HARDWARE-01,RUNNING,28.27,0.179,0.523,0.82
979,LASER-HARDWARE-01,RUNNING,23.39,-0.041,0.881,0.85
980,LASER-HARDWARE-01,RUNNING,26.59,0.367,0.631,0.86
981,LASER-HARDWARE-01,RUNNING,27.79,-0.489,0.416,0.92
982,LASER-HARDWARE-01,RUNNING,26.28,0.154,0.851,0.76
983,LASER-HARDWARE-01,RUNNING,29.02,-0.348,-0.209,0.76
984,LASER-HARDWARE-01,RUNNING,26.11,-0.04,-0.667,0.73
985,LASER-HARDWARE-01,RUNNING,27.05,0.227,0.025,0.83
986,LASER-HARDWARE-01,RUNNING,23.44,-0.54,0.225,0.77
987,LASER-HARDWARE-01,RUNNING,27.18,-0.488,0.351,0.8
988,LASER-HARDWARE-01,RUNNING,21.64,0.043,0.292,0.73
989,LASER-HARDWARE-01,RUNNING,28.18,0.063,0.178,0.75
990,LASER-HARDWARE-01,RUNNING,22.32,-0.319,0.426,0.83
991,LASER-HARDWARE-01,RUNNING,23.99,-0.441,0.278,0.9
992,LASER-HARDWARE-01,RUNNING,25.52,-0.206,0.098,0.67
993,LASER-HARDWARE-01,RUNNING,23.93,-0.376,0.499,0.81
994,LASER-HARDWARE-01,RUNNING,25.57,0.321,-0.422,0.75
995,LASER-HARDWARE-01,RUNNING,24.99,0.004,0.204,0.88
996,LASER-HARDWARE-01,RUNNING,24.78,-0.591,0.277,0.79
997,LASER-HARDWARE-01,RUNNING,25.72,0.222,-0.202,0.82
998,LASER-HARDWARE-01,RUNNING,26.06,-0.352,0.444,0.79
999,LASER-HARDWARE-01,RUNNING,27.98,0.633,-0.05,0.74
1000,LASER-HARDWARE-01,RUNNING,25.38,-0.06,0.183,0.8
1001,LASER-HARDWARE-01,RUNNING,23.93,0.562,-0.581,0.82
1002,LASER-HARDWARE-01,FAULT,28.96,5.771,4.494,0.87
1003,LASER-HARDWARE-01,RUNNING,23.68,-0.042,0.213,0.83
1004,LASER-HARDWARE-01,RUNNING,23.69,-0.637,-0.418,0.78
1005,LASER-HARDWARE-01,RUNNING,24.97,-0.136,0.458,0.89
1006,LASER-HARDWARE-01,RUNNING,25.64,-0.322,-0.459,0.78
1007,LASER-HARDWARE-01,RUNNING,26.93,0.056,0.376,0.77
1008,LASER-HARDWARE-01,RUNNING,26.25,-0.349,-0.45,0.81
1009,LASER-HARDWARE-01,RUNNING,21.72,0.14,-0.167,0.78
1010,LASER-HARDWARE-01,RUNNING,24.62,-0.297,-0.04,0.78
1011,LASER-HARDWARE-01,RUNNING,25.45,0.126,-0.212,0.8
1012,LASER-HARDWARE-01,RUNNING,25.43,-0.304,1.18,0.87
1013,LASER-HARDWARE-01,RUNNING,24.5,-0.225,0.03,0.75
1014,LASER-HARDWARE-01,RUNNING,24.85,0.457,0.288,0.84
1015,LASER-HARDWARE-01,RUNNING,25.87,0.054,-0.093,0.76
1016,LASER-HARDWARE-01,RUNNING,21.92,-0.116,-0.209,0.77
1017,LASER-HARDWARE-01,RUNNING,27.18,0.754,-0.135,0.82
1018,LASER-HARDWARE-01,RUNNING,27.68,-1.132,-0.1,0.77
1019,LASER-HARDWARE-01,RUNNING,25.4,-0.095,0.421,0.77
1020,LASER-HARDWARE-01,RUNNING,21.84,-0.633,0.37,0.72
1021,LASER-HARDWARE-01,RUNNING,25.17,0.194,0.081,0.8
1022,LASER-HARDWARE-01,RUNNING,24.02,-0.716,0.17,0.75
1023,LASER-HARDWARE-01,RUNNING,30.01,-0.377,0.408,0.85
1024,LASER-HARDWARE-01,RUNNING,25.89,-0.11,-0.23,0.78
1025,LASER-HARDWARE-01,RUNNING,25.58,0.028,0.216,0.82
1026,LASER-HARDWARE-01,RUNNING,22.88,-0.35,-0.426,0.76
1027,LASER-HARDWARE-01,RUNNING,23.14,0.136,-0.036,0.84
1028,LASER-HARDWARE-01,RUNNING,24.38,0.313,0.171,0.75
1029,LASER-HARDWARE-01,RUNNING,24.06,0.338,-0.029,0.84
1030,LASER-HARDWARE-01,RUNNING,23.95,-0.474,0.625,0.76
1031,LASER-HARDWARE-01,RUNNING,27.16,0.068,-0.408,0.87
1032,LASER-HARDWARE-01,RUNNING,26.26,0.169,-0.003,0.85
1033,LASER-HARDWARE-01,RUNNING,20.96,0.2,0.408,0.84
1034,LASER-HARDWARE-01,RUNNING,23.97,-0.188,-0.033,0.78
1035,LASER-HARDWARE-01,RUNNING,23.55,0.21,-0.644,0.86
1036,LASER-HARDWARE-01,RUNNING,20.69,0.444,0.405,0.82
1037,LASER-HARDWARE-01,RUNNING,27.46,-0.441,0.376,0.78
1038,LASER-HARDWARE-01,RUNNING,22.95,-0.337,0.141,0.8
1039,LASER-HARDWARE-01,RUNNING,25.01,-0.396,0.105,0.77
1040,LASER-HARDWARE-01,RUNNING,24.46,0.117,-0.501,0.77
1041,LASER-HARDWARE-01,RUNNING,23.02,-0.758,0.04,0.81
1042,LASER-HARDWARE-01,RUNNING,23.97,-0.953,-0.089,0.75
1043,LASER-HARDWARE-01,RUNNING,26.5,0.461,-0.275,0.77
1044,LASER-HARDWARE-01,FAULT,25.72,2.331,-3.359,0.76
1045,LASER-HARDWARE-01,RUNNING,24.28,-0.389,-0.018,0.84
1046,LASER-HARDWARE-01,FAULT,26.14,2.378,-3.771,0.77
1047,LASER-HARDWARE-01,RUNNING,25.37,-0.133,0.847,0.84
1048,LASER-HARDWARE-01,FAULT,24.27,0.192,-0.033,0.26
1049,LASER-HARDWARE-01,RUNNING,26.0,0.499,0.007,0.72
1050,LASER-HARDWARE-01,RUNNING,24.59,0.037,0.834,0.83
1051,LASER-HARDWARE-01,RUNNING,23.67,-0.546,-0.056,0.81
1052,LASER-HARDWARE-01,RUNNING,26.16,-0.477,-0.588,0.8
1053,LASER-HARDWARE-01,FAULT,53.4,-0.972,0.212,0.82
1054,LASER-HARDWARE-01,RUNNING,23.45,0.663,0.374,0.83
1055,LASER-HARDWARE-01,RUNNING,27.93,0.838,-0.33,0.76
1056,LASER-HARDWARE-01,RUNNING,26.41,-0.778,0.373,0.87
1057,LASER-HARDWARE-01,RUNNING,23.97,-0.185,0.023,0.83
1058,LASER-HARDWARE-01,RUNNING,24.42,0.549,0.391,0.78
1059,LASER-HARDWARE-01,RUNNING,23.0,-0.102,0.824,0.83
1060,LASER-HARDWARE-01,RUNNING,26.26,0.303,-0.544,0.79
1061,LASER-HARDWARE-01,FAULT,26.48,0.354,-3.832,0.73
1062,LASER-HARDWARE-01,RUNNING,27.39,-0.093,-0.628,0.84
1063,LASER-HARDWARE-01,RUNNING,25.19,0.267,0.05,0.82
1064,LASER-HARDWARE-01,RUNNING,25.39,-0.129,-0.705,0.74
1065,LASER-HARDWARE-01,RUNNING,22.63,0.155,0.242,0.82
1066,LASER-HARDWARE-01,RUNNING,23.53,0.102,0.217,0.84
1067,LASER-HARDWARE-01,RUNNING,22.42,-0.034,-0.43,0.9
1068,LASER-HARDWARE-01,RUNNING,27.16,-0.117,-0.413,0.85
1069,LASER-HARDWARE-01,RUNNING,23.14,-0.28,0.578,0.75
1070,LASER-HARDWARE-01,RUNNING,26.22,0.079,-0.054,0.9
1071,LASER-HARDWARE-01,RUNNING,24.98,0.235,0.02,0.68
1072,LASER-HARDWARE-01,RUNNING,28.09,0.023,-0.264,0.83
1073,LASER-HARDWARE-01,RUNNING,27.71,0.416,0.417,0.81
1074,LASER-HARDWARE-01,FAULT,25.27,-0.526,-0.054,0.25
1075,LASER-HARDWARE-01,RUNNING,26.7,0.462,-0.153,0.78
1076,LASER-HARDWARE-01,RUNNING,27.88,-0.482,-0.054,0.82
1077,LASER-HARDWARE-01,RUNNING,26.9,0.016,0.464,0.82
1078,LASER-HARDWARE-01,RUNNING,24.68,-0.584,-0.672,0.78
1079,LASER-HARDWARE-01,RUNNING,25.6,0.353,-0.527,0.77
1080,LASER-HARDWARE-01,RUNNING,26.99,0.33,0.235,0.87
1081,LASER-HARDWARE-01,RUNNING,27.56,0.261,0.158,0.84
1082,LASER-HARDWARE-01,RUNNING,26.58,0.14,0.203,0.79
1083,LASER-HARDWARE-01,RUNNING,28.85,-0.286,1.132,0.73
1084,LASER-HARDWARE-01,RUNNING,23.61,-0.427,0.315,0.8
1085,LASER-HARDWARE-01,RUNNING,24.08,0.082,-0.286,0.88
1086,LASER-HARDWARE-01,RUNNING,24.28,0.074,0.443,0.8
1087,LASER-HARDWARE-01,RUNNING,29.22,-0.279,0.63,0.74
1088,LASER-HARDWARE-01,RUNNING,29.18,0.147,-0.595,0.79
1089,LASER-HARDWARE-01,RUNNING,26.02,-0.261,0.519,0.77
1090,LASER-HARDWARE-01,RUNNING,27.58,0.384,0.382,0.72
1091,LASER-HARDWARE-01,RUNNING,24.93,0.574,0.491,0.83
1092,LASER-HARDWARE-01,RUNNING,21.33,0.061,-0.159,0.87
1093,LASER-HARDWARE-01,RUNNING,26.4,0.441,-0.145,0.74
1094,LASER-HARDWARE-01,RUNNING,24.87,0.273,0.43,0.74
1095,LASER-HARDWARE-01,RUNNING,23.29,0.151,0.327,0.85
1096,LASER-HARDWARE-01,RUNNING,26.49,-0.087,0.669,0.79
1097,LASER-HARDWARE-01,RUNNING,25.28,-0.179,-0.656,0.8
1098,LASER-HARDWARE-01,RUNNING,21.47,-0.163,0.423,0.79
1099,LASER-HARDWARE-01,RUNNING,26.11,-0.325,0.003,0.81
1100,LASER-HARDWARE-01,FAULT,28.17,4.564,-0.439,0.81
1101,LASER-HARDWARE-01,RUNNING,25.99,-0.299,0.347,0.75
1102,LASER-HARDWARE-01,RUNNING,24.0,-0.308,-0.44,0.85
1103,LASER-HARDWARE-01,RUNNING,22.6,0.043,1.156,0.82
1104,LASER-HARDWARE-01,RUNNING,25.24,-0.21,-0.167,0.81
1105,LASER-HARDWARE-01,RUNNING,26.22,-0.874,0.422,0.65
1106,LASER-HARDWARE-01,RUNNING,23.9,-0.047,0.055,0.76
1107,LASER-HARDWARE-01,RUNNING,23.11,0.354,-0.495,0.76
1108,LASER-HARDWARE-01,RUNNING,27.4,0.658,0.411,0.71
1109,LASER-HARDWARE-01,RUNNING,23.43,-0.352,0.938,0.82
1110,LASER-HARDWARE-01,RUNNING,22.59,-0.235,0.027,0.7
1111,LASER-HARDWARE-01,RUNNING,26.72,-0.68,-1.064,0.8
1112,LASER-HARDWARE-01,RUNNING,25.21,0.111,-0.177,0.81
1113,LASER-HARDWARE-01,RUNNING,25.2,-0.079,0.189,0.88
1114,LASER-HARDWARE-01,RUNNING,25.58,0.076,0.106,0.77
1115,LASER-HARDWARE-01,RUNNING,25.27,-0.242,-0.407,0.75
1116,LASER-HARDWARE-01,RUNNING,23.15,-0.206,0.362,0.82
1117,LASER-HARDWARE-01,RUNNING,23.96,0.214,0.4,0.86
1118,LASER-HARDWARE-01,RUNNING,22.6,-0.449,0.47,0.82
1119,LASER-HARDWARE-01,RUNNING,26.57,-0.248,0.203,0.81
1120,LASER-HARDWARE-01,RUNNING,19.07,0.016,-0.155,0.85
1121,LASER-HARDWARE-01,RUNNING,24.27,0.169,0.21,0.83
1122,LASER-HARDWARE-01,RUNNING,24.35,-0.124,-0.092,0.8
1123,LASER-HARDWARE-01,FAULT,23.17,0.129,-0.099,0.34
1124,LASER-HARDWARE-01,RUNNING,25.91,0.162,-0.306,0.84
1125,LASER-HARDWARE-01,RUNNING,27.76,-0.311,0.416,0.86
1126,LASER-HARDWARE-01,RUNNING,23.17,0.3,0.661,0.8
1127,LASER-HARDWARE-01,RUNNING,20.72,0.312,-0.279,0.76
1128,LASER-HARDWARE-01,RUNNING,21.52,0.015,-0.072,0.79
1129,LASER-HARDWARE-01,RUNNING,26.17,0.719,0.212,0.83
1130,LASER-HARDWARE-01,RUNNING,26.11,0.121,0.161,0.89
1131,LASER-HARDWARE-01,RUNNING,25.43,-0.498,0.224,0.76
1132,LASER-HARDWARE-01,FAULT,59.78,-0.039,0.203,0.86
1133,LASER-HARDWARE-01,RUNNING,20.41,-0.116,0.019,0.82
1134,LASER-HARDWARE-01,RUNNING,26.22,0.476,-0.256,0.78
1135,LASER-HARDWARE-01,RUNNING,25.3,-0.025,-0.337,0.71
1136,LASER-HARDWARE-01,RUNNING,24.86,0.175,0.139,0.75
1137,LASER-HARDWARE-01,RUNNING,28.02,0.367,1.088,0.74
1138,LASER-HARDWARE-01,RUNNING,21.64,-0.661,-0.632,0.84
1139,LASER-HARDWARE-01,RUNNING,23.12,0.064,-0.183,0.84
1140,LASER-HARDWARE-01,RUNNING,24.09,-0.404,0.045,0.8
1141,LASER-HARDWARE-01,RUNNING,24.73,-0.104,0.294,0.81
1142,LASER-HARDWARE-01,RUNNING,26.35,0.208,0.234,0.85
1143,LASER-HARDWARE-01,RUNNING,24.27,-0.117,0.431,0.89
1144,LASER-HARDWARE-01,RUNNING,26.58,0.338,-0.146,0.75
1145,LASER-HARDWARE-01,FAULT,29.01,-0.204,-0.081,0.31
1146,LASER-HARDWARE-01,RUNNING,24.96,-0.043,-0.324,0.81
1147,LASER-HARDWARE-01,RUNNING,20.02,-0.073,-0.179,0.82
1148,LASER-HARDWARE-01,RUNNING,23.57,-0.269,0.266,0.91
1149,LASER-HARDWARE-01,RUNNING,25.81,0.545,-0.385,0.83
1150,LASER-HARDWARE-01,RUNNING,24.51,-0.15,-1.278,0.89
1151,LASER-HARDWARE-01,RUNNING,22.24,0.443,-0.093,0.78
1152,LASER-HARDWARE-01,RUNNING,27.06,-0.419,-0.29,0.85
1153,LASER-HARDWARE-01,RUNNING,24.92,0.297,-0.07,0.72
1154,LASER-HARDWARE-01,RUNNING,24.62,0.587,-0.1,0.85
1155,LASER-HARDWARE-01,RUNNING,29.31,-0.123,0.019,0.78
1156,LASER-HARDWARE-01,RUNNING,25.74,-0.146,0.228,0.85
1157,LASER-HARDWARE-01,RUNNING,24.78,-0.253,0.078,0.89
1158,LASER-HARDWARE-01,FAULT,56.57,-0.227,-0.041,0.78
1159,LASER-HARDWARE-01,RUNNING,28.86,-0.466,0.137,0.74
1160,LASER-HARDWARE-01,RUNNING,24.73,0.048,0.193,0.81
1161,LASER-HARDWARE-01,RUNNING,24.39,0.466,0.216,0.76
1162,LASER-HARDWARE-01,RUNNING,24.98,0.077,0.073,0.76
1163,LASER-HARDWARE-01,RUNNING,27.76,-0.051,-0.316,0.78
1164,LASER-HARDWARE-01,RUNNING,24.47,-0.143,-0.183,0.86
1165,LASER-HARDWARE-01,RUNNING,23.08,-0.932,0.154,0.81
1166,LASER-HARDWARE-01,RUNNING,28.93,0.407,-0.355,0.76
1167,LASER-HARDWARE-01,RUNNING,22.11,0.088,0.89,0.79
1168,LASER-HARDWARE-01,FAULT,51.24,-0.497,-0.202,0.79
1169,LASER-HARDWARE-01,RUNNING,27.09,-0.309,-0.232,0.82
1170,LASER-HARDWARE-01,RUNNING,26.79,-0.342,-0.399,0.83
1171,LASER-HARDWARE-01,RUNNING,23.86,0.185,-0.198,0.79
1172,LASER-HARDWARE-01,RUNNING,23.74,-0.625,-0.429,0.82
1173,LASER-HARDWARE-01,RUNNING,28.07,0.371,0.179,0.83
1174,LASER-HARDWARE-01,RUNNING,25.16,-0.088,0.292,0.72
1175,LASER-HARDWARE-01,RUNNING,25.74,0.127,-0.681,0.7
1176,LASER-HARDWARE-01,RUNNING,23.73,-0.798,-0.411,0.8
1177,LASER-HARDWARE-01,RUNNING,26.31,0.322,-0.008,0.75
1178,LASER-HARDWARE-01,RUNNING,22.16,0.372,-0.046,0.86
1179,LASER-HARDWARE-01,RUNNING,23.87,0.128,-0.535,0.74
1180,LASER-HARDWARE-01,RUNNING,24.59,0.122,-0.175,0.87
1181,LASER-HARDWARE-01,RUNNING,24.5,-0.056,-0.043,0.77
1182,LASER-HARDWARE-01,RUNNING,24.47,-0.17,-0.481,0.83
1183,LASER-HARDWARE-01,RUNNING,23.37,0.37,-0.924,0.82
1184,LASER-HARDWARE-01,RUNNING,25.91,-0.858,0.513,0.8
1185,LASER-HARDWARE-01,RUNNING,21.41,-0.029,-0.576,0.77
1186,LASER-HARDWARE-01,RUNNING,26.33,0.768,-0.06,0.85
1187,LASER-HARDWARE-01,RUNNING,23.5,0.254,-0.551,0.84
1188,LASER-HARDWARE-01,FAULT,27.27,0.816,0.065,0.36
1189,LASER-HARDWARE-01,RUNNING,22.43,0.05,-0.101,0.82
1190,LASER-HARDWARE-01,RUNNING,25.69,0.463,0.376,0.79
1191,LASER-HARDWARE-01,RUNNING,25.25,0.664,0.274,0.85
1192,LASER-HARDWARE-01,RUNNING,24.23,-0.292,0.662,0.78
1193,LASER-HARDWARE-01,RUNNING,23.08,0.891,-0.011,0.77
1194,LASER-HARDWARE-01,RUNNING,22.09,-0.216,-0.619,0.89
1195,LASER-HARDWARE-01,FAULT,25.5,-4.035,1.878,0.77
1196,LASER-HARDWARE-01,RUNNING,22.97,0.032,-0.219,0.72
1197,LASER-HARDWARE-01,RUNNING,23.59,-0.602,0.021,0.8
1198,LASER-HARDWARE-01,RUNNING,28.7,0.721,0.283,0.73
1199,LASER-HARDWARE-01,RUNNING,21.72,0.593,0.613,0.88
1200,LASER-HARDWARE-01,RUNNING,26.47,0.169,0.482,0.84
1201,LASER-HARDWARE-01,RUNNING,23.21,0.294,0.046,0.78
1202,LASER-HARDWARE-01,RUNNING,29.51,0.332,-0.221,0.8
1203,LASER-HARDWARE-01,FAULT,27.34,-0.086,-0.265,0.37
1204,LASER-HARDWARE-01,RUNNING,24.11,-0.429,-0.511,0.72
1205,LASER-HARDWARE-01,RUNNING,25.09,-0.009,0.218,0.75
1206,LASER-HARDWARE-01,RUNNING,25.11,0.519,-0.492,0.71
1207,LASER-HARDWARE-01,RUNNING,26.08,-0.324,0.117,0.74
1208,LASER-HARDWARE-01,RUNNING,24.23,-0.643,-0.293,0.77
1209,LASER-HARDWARE-01,RUNNING,26.98,-0.092,0.077,0.79
1210,LASER-HARDWARE-01,RUNNING,27.42,-0.037,0.536,0.76
1211,LASER-HARDWARE-01,RUNNING,25.05,-0.016,0.531,0.82
1212,LASER-HARDWARE-01,RUNNING,26.24,-0.347,-0.589,0.92
1213,LASER-HARDWARE-01,RUNNING,22.46,-1.088,0.04,0.81
1214,LASER-HARDWARE-01,RUNNING,24.84,-0.165,0.733,0.8
1215,LASER-HARDWARE-01,RUNNING,27.99,0.492,0.363,0.79
1216,LASER-HARDWARE-01,RUNNING,28.2,0.057,0.308,0.72
1217,LASER-HARDWARE-01,RUNNING,26.46,0.152,-0.494,0.84
1218,LASER-HARDWARE-01,RUNNING,23.48,-0.046,-0.423,0.84
1219,LASER-HARDWARE-01,RUNNING,25.26,0.262,-0.442,0.84
1220,LASER-HARDWARE-01,RUNNING,23.54,-0.164,-0.223,0.75
1221,LASER-HARDWARE-01,RUNNING,23.62,0.145,0.515,0.81
1222,LASER-HARDWARE-01,RUNNING,24.18,0.013,-0.068,0.78
1223,LASER-HARDWARE-01,RUNNING,26.17,0.014,-0.555,0.84
1224,LASER-HARDWARE-01,RUNNING,25.76,0.437,0.294,0.85
1225,LASER-HARDWARE-01,RUNNING,24.02,1.015,0.05,0.79
1226,LASER-HARDWARE-01,RUNNING,25.07,-0.533,0.718,0.81
1227,LASER-HARDWARE-01,RUNNING,26.68,0.321,-0.245,0.76
1228,LASER-HARDWARE-01,RUNNING,19.75,-0.667,0.401,0.82
1229,LASER-HARDWARE-01,RUNNING,30.69,-0.225,-0.104,0.87
1230,LASER-HARDWARE-01,RUNNING,23.14,-0.213,-0.323,0.86
1231,LASER-HARDWARE-01,RUNNING,23.52,0.599,0.434,0.82
1232,LASER-HARDWARE-01,RUNNING,24.05,-0.204,0.196,0.8
1233,LASER-HARDWARE-01,RUNNING,22.89,-0.357,0.178,0.81
1234,LASER-HARDWARE-01,RUNNING,22.45,-0.922,0.671,0.82
1235,LASER-HARDWARE-01,RUNNING,25.91,0.624,0.065,0.83
1236,LASER-HARDWARE-01,RUNNING,25.51,0.26,0.67,0.77
1237,LASER-HARDWARE-01,RUNNING,24.05,0.02,0.219,0.79
1238,LASER-HARDWARE-01,RUNNING,21.77,-0.852,-0.178,0.87
1239,LASER-HARDWARE-01,RUNNING,27.07,-0.551,0.889,0.82
1240,LASER-HARDWARE-01,RUNNING,25.93,0.133,-0.273,0.82
1241,LASER-HARDWARE-01,RUNNING,22.36,-0.035,-0.669,0.86
1242,LASER-HARDWARE-01,RUNNING,21.91,0.155,0.371,0.74
1243,LASER-HARDWARE-01,RUNNING,24.74,-0.472,-0.55,0.83
1244,LASER-HARDWARE-01,RUNNING,24.66,0.142,0.03,0.84
1245,LASER-HARDWARE-01,RUNNING,27.48,-0.383,-0.273,0.81
1246,LASER-HARDWARE-01,RUNNING,24.81,0.254,-0.175,0.79
1247,LASER-HARDWARE-01,RUNNING,23.02,-0.153,0.215,0.77
1248,LASER-HARDWARE-01,RUNNING,25.1,-0.132,0.189,0.85
1249,LASER-HARDWARE-01,RUNNING,25.69,0.149,-0.205,0.79
1250,LASER-HARDWARE-01,RUNNING,27.0,-0.113,-0.268,0.73
1251,LASER-HARDWARE-01,RUNNING,27.37,0.291,0.496,0.71
1252,LASER-HARDWARE-01,RUNNING,26.23,-0.102,-0.037,0.82
1253,LASER-HARDWARE-01,RUNNING,25.39,-0.986,-0.191,0.82
1254,LASER-HARDWARE-01,RUNNING,29.24,0.194,0.006,0.81
1255,LASER-HARDWARE-01,RUNNING,24.58,0.172,-0.245,0.81
1256,LASER-HARDWARE-01,RUNNING,23.29,-0.246,0.083,0.81
1257,LASER-HARDWARE-01,RUNNING,24.99,-0.354,-0.303,0.78
1258,LASER-HARDWARE-01,FAULT,52.88,-0.243,-0.571,0.77
1259,LASER-HARDWARE-01,RUNNING,26.26,0.07,0.222,0.8
1260,LASER-HARDWARE-01,RUNNING,26.28,0.306,0.012,0.83
1261,LASER-HARDWARE-01,RUNNING,26.09,0.22,0.319,0.8
1262,LASER-HARDWARE-01,RUNNING,22.97,0.288,0.849,0.74
1263,LASER-HARDWARE-01,RUNNING,26.15,-0.933,0.514,0.86
1264,LASER-HARDWARE-01,RUNNING,25.41,0.01,1.008,0.78
1265,LASER-HARDWARE-01,RUNNING,27.88,0.546,0.158,0.78
1266,LASER-HARDWARE-01,FAULT,59.15,0.047,-0.383,0.92
1267,LASER-HARDWARE-01,RUNNING,26.15,0.062,-0.133,0.74
1268,LASER-HARDWARE-01,RUNNING,25.14,0.129,0.056,0.92
1269,LASER-HARDWARE-01,RUNNING,22.2,0.301,0.183,0.76
1270,LASER-HARDWARE-01,RUNNING,22.49,-0.272,0.109,0.79
1271,LASER-HARDWARE-01,RUNNING,26.16,-0.483,0.042,0.84
1272,LASER-HARDWARE-01,RUNNING,24.4,0.828,-0.22,0.82
1273,LASER-HARDWARE-01,RUNNING,26.82,-0.266,0.79,0.79
1274,LASER-HARDWARE-01,RUNNING,22.55,0.795,0.057,0.86
1275,LASER-HARDWARE-01,RUNNING,24.93,0.118,-0.032,0.81
1276,LASER-HARDWARE-01,RUNNING,21.66,0.033,-0.194,0.8
1277,LASER-HARDWARE-01,RUNNING,25.1,-0.887,0.243,0.83
1278,LASER-HARDWARE-01,RUNNING,27.64,0.14,-0.134,0.82
1279,LASER-HARDWARE-01,RUNNING,24.3,-0.471,-0.251,0.8
1280,LASER-HARDWARE-01,RUNNING,23.6,-0.889,-0.155,0.82
1281,LASER-HARDWARE-01,RUNNING,27.35,-0.708,0.45,0.83
1282,LASER-HARDWARE-01,RUNNING,24.8,0.404,0.593,0.72
1283,LASER-HARDWARE-01,RUNNING,24.92,-0.04,0.602,0.77
1284,LASER-HARDWARE-01,RUNNING,25.54,0.117,-0.741,0.76
1285,LASER-HARDWARE-01,RUNNING,22.86,0.43,-0.103,0.82
1286,LASER-HARDWARE-01,RUNNING,25.3,0.086,-1.101,0.85
1287,LASER-HARDWARE-01,RUNNING,25.05,0.134,0.753,0.82
1288,LASER-HARDWARE-01,RUNNING,23.96,-0.272,0.219,0.81
1289,LASER-HARDWARE-01,RUNNING,25.95,0.404,0.297,0.74
1290,LASER-HARDWARE-01,RUNNING,23.95,0.073,0.167,0.85
1291,LASER-HARDWARE-01,RUNNING,24.66,0.095,0.373,0.77
1292,LASER-HARDWARE-01,RUNNING,22.2,0.315,-0.42,0.85
1293,LASER-HARDWARE-01,RUNNING,22.63,-0.727,0.324,0.88
1294,LASER-HARDWARE-01,RUNNING,25.06,-0.743,0.247,0.77
1295,LASER-HARDWARE-01,RUNNING,24.76,-0.009,0.047,0.87
1296,LASER-HARDWARE-01,RUNNING,26.15,-0.035,0.019,0.85
1297,LASER-HARDWARE-01,RUNNING,22.93,-0.016,0.307,0.8
1298,LASER-HARDWARE-01,RUNNING,22.69,0.062,-0.141,0.74
1299,LASER-HARDWARE-01,RUNNING,27.06,0.124,0.042,0.73
1300,LASER-HARDWARE-01,RUNNING,26.3,-0.875,0.029,0.84
1301,LASER-HARDWARE-01,RUNNING,24.3,-0.228,0.181,0.82
1302,LASER-HARDWARE-01,RUNNING,25.49,-0.238,-0.217,0.75
1303,LASER-HARDWARE-01,RUNNING,25.36,-0.224,-1.016,0.81
1304,LASER-HARDWARE-01,RUNNING,25.53,-0.21,-0.126,0.84
1305,LASER-HARDWARE-01,RUNNING,26.73,0.156,0.306,0.87
1306,LASER-HARDWARE-01,RUNNING,25.26,0.619,-0.167,0.89
1307,LASER-HARDWARE-01,RUNNING,28.58,-0.079,-0.048,0.77
1308,LASER-HARDWARE-01,RUNNING,27.89,0.11,0.322,0.73
1309,LASER-HARDWARE-01,RUNNING,25.23,0.492,-0.387,0.76
1310,LASER-HARDWARE-01,RUNNING,19.97,0.206,0.013,0.8
1311,LASER-HARDWARE-01,RUNNING,23.4,-0.217,0.606,0.7
1312,LASER-HARDWARE-01,RUNNING,23.47,-0.042,-0.505,0.82
1313,LASER-HARDWARE-01,RUNNING,23.27,-0.09,0.133,0.72
1314,LASER-HARDWARE-01,RUNNING,28.41,0.107,-1.296,0.82
1315,LASER-HARDWARE-01,RUNNING,22.26,0.053,-0.298,0.82
1316,LASER-HARDWARE-01,RUNNING,26.44,0.09,-0.163,0.78
1317,LASER-HARDWARE-01,RUNNING,23.77,0.047,-0.536,0.85
1318,LASER-HARDWARE-01,RUNNING,25.25,-0.086,-0.43,0.77
1319,LASER-HARDWARE-01,RUNNING,23.58,0.81,-0.637,0.82
1320,LASER-HARDWARE-01,RUNNING,27.08,-0.2,0.205,0.79
1321,LASER-HARDWARE-01,RUNNING,25.22,0.019,0.06,0.64
1322,LASER-HARDWARE-01,RUNNING,22.53,-0.233,-0.423,0.72
1323,LASER-HARDWARE-01,RUNNING,25.8,0.175,-0.308,0.83
1324,LASER-HARDWARE-01,RUNNING,25.06,-0.347,-0.461,0.81
1325,LASER-HARDWARE-01,RUNNING,23.98,0.434,0.171,0.86
1326,LASER-HARDWARE-01,RUNNING,22.47,-0.014,-0.238,0.79
1327,LASER-HARDWARE-01,RUNNING,21.01,0.132,0.068,0.81
1328,LASER-HARDWARE-01,FAULT,50.22,0.245,0.02,0.78
1329,LASER-HARDWARE-01,RUNNING,24.23,-0.245,-0.559,0.81
1330,LASER-HARDWARE-01,RUNNING,26.59,0.257,0.08,0.83
1331,LASER-HARDWARE-01,RUNNING,24.51,-0.077,-0.206,0.83
1332,LASER-HARDWARE-01,RUNNING,28.54,1.169,0.111,0.75
1333,LASER-HARDWARE-01,RUNNING,23.6,0.119,0.527,0.84
1334,LASER-HARDWARE-01,RUNNING,24.81,-0.083,0.386,0.83
1335,LASER-HARDWARE-01,RUNNING,26.12,0.525,1.044,0.81
1336,LASER-HARDWARE-01,RUNNING,21.57,-0.157,0.055,0.79
1337,LASER-HARDWARE-01,FAULT,52.99,0.628,-0.269,0.82
1338,LASER-HARDWARE-01,RUNNING,27.94,0.069,0.254,0.81
1339,LASER-HARDWARE-01,RUNNING,25.68,0.284,0.301,0.76
1340,LASER-HARDWARE-01,RUNNING,29.69,-0.097,-0.427,0.84
1341,LASER-HARDWARE-01,RUNNING,26.8,0.291,0.09,0.87
1342,LASER-HARDWARE-01,RUNNING,24.47,0.196,0.388,0.76
1343,LASER-HARDWARE-01,FAULT,26.52,-1.197,-1.074,0.77
1344,LASER-HARDWARE-01,RUNNING,23.83,-0.029,0.099,0.84
1345,LASER-HARDWARE-01,RUNNING,24.31,0.393,-0.827,0.76
1346,LASER-HARDWARE-01,RUNNING,26.07,-0.283,-0.179,0.77
1347,LASER-HARDWARE-01,RUNNING,25.8,-0.202,0.354,0.71
1348,LASER-HARDWARE-01,RUNNING,22.98,-0.108,-0.479,0.84
1349,LASER-HARDWARE-01,FAULT,25.37,0.386,-1.239,0.69
1350,LASER-HARDWARE-01,RUNNING,25.85,-0.373,-0.554,0.72
1351,LASER-HARDWARE-01,RUNNING,25.96,0.258,0.079,0.8
1352,LASER-HARDWARE-01,RUNNING,27.05,1.381,0.073,0.82
1353,LASER-HARDWARE-01,RUNNING,22.64,-0.026,0.08,0.84
1354,LASER-HARDWARE-01,RUNNING,27.42,0.508,-0.091,0.84
1355,LASER-HARDWARE-01,RUNNING,26.55,-0.188,0.437,0.84
1356,LASER-HARDWARE-01,RUNNING,26.52,-0.647,-0.035,0.87
1357,LASER-HARDWARE-01,RUNNING,22.93,-0.727,0.298,0.83
1358,LASER-HARDWARE-01,RUNNING,27.32,-0.002,0.185,0.8
1359,LASER-HARDWARE-01,RUNNING,23.65,-0.253,0.686,0.75
1360,LASER-HARDWARE-01,RUNNING,26.59,-0.26,-0.094,0.79
1361,LASER-HARDWARE-01,RUNNING,27.29,0.577,0.047,0.83
1362,LASER-HARDWARE-01,RUNNING,24.41,0.395,-0.097,0.95
1363,LASER-HARDWARE-01,RUNNING,25.35,-0.123,0.153,0.84
1364,LASER-HARDWARE-01,RUNNING,24.66,-0.075,-0.067,0.79
1365,LASER-HARDWARE-01,RUNNING,24.83,0.572,-0.159,0.72
1366,LASER-HARDWARE-01,RUNNING,27.04,1.137,0.115,0.77
1367,LASER-HARDWARE-01,FAULT,28.81,1.737,-2.445,0.79
1368,LASER-HARDWARE-01,RUNNING,22.69,-0.278,0.416,0.84
1369,LASER-HARDWARE-01,RUNNING,23.91,1.375,-0.296,0.77
1370,LASER-HARDWARE-01,RUNNING,27.99,-0.726,0.191,0.74
1371,LASER-HARDWARE-01,RUNNING,28.11,-0.085,0.038,0.73
1372,LASER-HARDWARE-01,RUNNING,19.48,-0.353,0.284,0.88
1373,LASER-HARDWARE-01,RUNNING,25.05,0.495,-0.502,0.87
1374,LASER-HARDWARE-01,RUNNING,23.13,-0.236,0.393,0.75
1375,LASER-HARDWARE-01,RUNNING,26.93,0.648,-0.487,0.73
1376,LASER-HARDWARE-01,RUNNING,23.21,-0.062,0.474,0.74
1377,LASER-HARDWARE-01,RUNNING,24.78,0.204,-0.192,0.79
1378,LASER-HARDWARE-01,RUNNING,23.18,-0.081,-0.013,0.78
1379,LASER-HARDWARE-01,RUNNING,24.67,0.341,-0.114,0.75
1380,LASER-HARDWARE-01,RUNNING,24.42,0.648,-0.036,0.82
1381,LASER-HARDWARE-01,RUNNING,24.79,-0.144,0.661,0.69
1382,LASER-HARDWARE-01,RUNNING,23.71,-0.0,0.129,0.8
1383,LASER-HARDWARE-01,RUNNING,25.6,0.356,0.334,0.78
1384,LASER-HARDWARE-01,RUNNING,23.05,-0.425,0.401,0.85
1385,LASER-HARDWARE-01,RUNNING,24.3,-0.189,0.201,0.71
1386,LASER-HARDWARE-01,RUNNING,27.54,0.173,-0.059,0.77
1387,LASER-HARDWARE-01,FAULT,21.6,-1.878,1.561,0.82
1388,LASER-HARDWARE-01,RUNNING,26.21,0.305,-0.146,0.78
1389,LASER-HARDWARE-01,RUNNING,24.48,0.488,-0.563,0.8
1390,LASER-HARDWARE-01,FAULT,25.63,5.7,-0.4,0.74
1391,LASER-HARDWARE-01,RUNNING,24.23,-0.743,-0.033,0.79
1392,LASER-HARDWARE-01,RUNNING,22.68,-0.966,0.005,0.87
1393,LASER-HARDWARE-01,RUNNING,24.58,0.609,-0.179,0.82
1394,LASER-HARDWARE-01,RUNNING,25.73,-0.074,-0.319,0.78
1395,LASER-HARDWARE-01,RUNNING,25.72,-0.155,0.07,0.75
1396,LASER-HARDWARE-01,RUNNING,25.21,-0.475,0.358,0.66
1397,LASER-HARDWARE-01,RUNNING,24.2,-0.152,-0.769,0.69
1398,LASER-HARDWARE-01,RUNNING,24.15,-0.149,-0.208,0.77
1399,LASER-HARDWARE-01,RUNNING,25.13,-0.252,-0.154,0.77
1400,LASER-HARDWARE-01,RUNNING,25.37,0.045,-0.124,0.79
1401,LASER-HARDWARE-01,RUNNING,28.31,-0.025,-0.418,0.85
1402,LASER-HARDWARE-01,RUNNING,27.19,0.145,0.542,0.8
1403,LASER-HARDWARE-01,RUNNING,22.62,0.441,-0.569,0.82
1404,LASER-HARDWARE-01,RUNNING,26.32,-0.131,-0.159,0.76
1405,LASER-HARDWARE-01,RUNNING,26.01,0.311,-0.71,0.79
1406,LASER-HARDWARE-01,RUNNING,23.88,0.036,-0.016,0.84
1407,LASER-HARDWARE-01,RUNNING,24.81,-0.234,1.038,0.76
1408,LASER-HARDWARE-01,RUNNING,25.78,-0.016,0.242,0.8
1409,LASER-HARDWARE-01,RUNNING,24.97,0.312,0.194,0.85
1410,LASER-HARDWARE-01,RUNNING,25.83,-0.199,0.317,0.8
1411,LASER-HARDWARE-01,RUNNING,22.71,-0.041,-0.352,0.75
1412,LASER-HARDWARE-01,RUNNING,25.3,0.386,0.11,0.84
1413,LASER-HARDWARE-01,RUNNING,23.73,0.06,0.064,0.84
1414,LASER-HARDWARE-01,RUNNING,23.7,-0.423,-0.125,0.78
1415,LASER-HARDWARE-01,RUNNING,26.61,-0.729,0.668,0.75
1416,LASER-HARDWARE-01,RUNNING,24.43,-0.023,0.824,0.77
1417,LASER-HARDWARE-01,RUNNING,25.9,-0.022,-0.937,0.84
1418,LASER-HARDWARE-01,RUNNING,25.1,-0.453,-0.596,0.87
1419,LASER-HARDWARE-01,RUNNING,28.12,0.052,0.095,0.66
1420,LASER-HARDWARE-01,RUNNING,28.53,-0.376,0.019,0.82
1421,LASER-HARDWARE-01,RUNNING,25.98,-0.221,-0.324,0.83
1422,LASER-HARDWARE-01,RUNNING,27.36,-0.406,-0.447,0.84
1423,LASER-HARDWARE-01,RUNNING,24.24,0.149,-0.2,0.81
1424,LASER-HARDWARE-01,RUNNING,26.34,-0.512,-0.195,0.85
1425,LASER-HARDWARE-01,RUNNING,26.37,0.198,-0.854,0.87
1426,LASER-HARDWARE-01,FAULT,27.04,0.319,-0.368,0.33
1427,LASER-HARDWARE-01,RUNNING,23.8,0.676,-0.414,0.87
1428,LASER-HARDWARE-01,RUNNING,22.8,-0.764,-0.565,0.87
1429,LASER-HARDWARE-01,RUNNING,27.62,-0.277,0.718,0.8
1430,LASER-HARDWARE-01,FAULT,26.09,-0.074,-0.412,0.2
1431,LASER-HARDWARE-01,RUNNING,22.77,-0.075,0.051,0.81
1432,LASER-HARDWARE-01,RUNNING,22.68,-0.186,-0.405,0.78
1433,LASER-HARDWARE-01,RUNNING,25.97,-0.205,-0.153,0.87
1434,LASER-HARDWARE-01,FAULT,61.29,-0.474,-0.397,0.81
1435,LASER-HARDWARE-01,RUNNING,20.61,-0.319,0.202,0.8
1436,LASER-HARDWARE-01,RUNNING,24.96,-0.58,-0.453,0.78
1437,LASER-HARDWARE-01,RUNNING,23.68,0.596,0.188,0.79
1438,LASER-HARDWARE-01,RUNNING,25.56,0.026,0.128,0.76
1439,LASER-HARDWARE-01,RUNNING,24.95,-0.462,0.15,0.75
1440,LASER-HARDWARE-01,RUNNING,25.24,0.076,-0.386,0.79
1441,LASER-HARDWARE-01,RUNNING,24.34,0.071,0.307,0.88
1442,LASER-HARDWARE-01,RUNNING,24.01,0.121,-0.205,0.75
1443,LASER-HARDWARE-01,RUNNING,27.23,0.016,0.084,0.79
1444,LASER-HARDWARE-01,RUNNING,23.09,0.542,0.137,0.87
1445,LASER-HARDWARE-01,RUNNING,28.88,0.067,-0.019,0.73
1446,LASER-HARDWARE-01,RUNNING,25.12,0.31,0.224,0.93
1447,LASER-HARDWARE-01,RUNNING,24.07,0.891,-0.018,0.86
1448,LASER-HARDWARE-01,RUNNING,24.91,-0.156,-0.42,0.77
1449,LASER-HARDWARE-01,RUNNING,27.69,0.439,-0.314,0.87
1450,LASER-HARDWARE-01,RUNNING,23.43,-0.006,-0.254,0.76
1451,LASER-HARDWARE-01,RUNNING,26.21,0.358,0.057,0.83
1452,LASER-HARDWARE-01,RUNNING,26.15,-0.517,1.029,0.79
1453,LASER-HARDWARE-01,RUNNING,22.93,-0.514,0.03,0.82
1454,LASER-HARDWARE-01,RUNNING,26.22,-0.418,-0.578,0.74
1455,LASER-HARDWARE-01,RUNNING,25.89,0.262,0.181,0.89
1456,LASER-HARDWARE-01,RUNNING,26.54,-0.5,-0.606,0.78
1457,LASER-HARDWARE-01,RUNNING,26.23,0.478,0.441,0.76
1458,LASER-HARDWARE-01,RUNNING,23.96,-0.302,0.06,0.8
1459,LASER-HARDWARE-01,RUNNING,26.39,0.082,0.181,0.74
1460,LASER-HARDWARE-01,RUNNING,26.62,0.898,0.047,0.79
1461,LASER-HARDWARE-01,FAULT,28.2,2.838,1.681,0.79
1462,LASER-HARDWARE-01,RUNNING,29.33,0.435,-0.103,0.71
1463,LASER-HARDWARE-01,FAULT,54.31,-0.826,0.92,0.74
1464,LASER-HARDWARE-01,FAULT,54.3,-0.546,-0.578,0.74
1465,LASER-HARDWARE-01,RUNNING,26.79,0.147,0.238,0.77
1466,LASER-HARDWARE-01,RUNNING,24.62,-0.527,-0.147,0.76
1467,LASER-HARDWARE-01,RUNNING,22.22,0.285,0.445,0.82
1468,LASER-HARDWARE-01,FAULT,25.35,-0.055,0.277,0.17
1469,LASER-HARDWARE-01,RUNNING,25.74,0.887,-0.293,0.83
1470,LASER-HARDWARE-01,RUNNING,24.93,-0.494,-0.232,0.9
1471,LASER-HARDWARE-01,FAULT,61.12,-0.788,0.003,0.75
1472,LASER-HARDWARE-01,RUNNING,22.23,-0.052,0.231,0.83
1473,LASER-HARDWARE-01,RUNNING,24.87,-0.073,0.528,0.8
1474,LASER-HARDWARE-01,RUNNING,22.92,-0.187,-0.621,0.77
1475,LASER-HARDWARE-01,RUNNING,27.73,0.494,-0.018,0.81
1476,LASER-HARDWARE-01,RUNNING,23.68,-0.201,-0.351,0.79
1477,LASER-HARDWARE-01,RUNNING,28.39,-0.259,-0.037,0.68
1478,LASER-HARDWARE-01,RUNNING,21.4,0.165,0.167,0.77
1479,LASER-HARDWARE-01,RUNNING,25.21,-0.283,0.128,0.74
1480,LASER-HARDWARE-01,RUNNING,22.46,0.069,0.512,0.79
1481,LASER-HARDWARE-01,RUNNING,21.96,-1.024,-0.611,0.73
1482,LASER-HARDWARE-01,RUNNING,22.95,0.043,-0.949,0.76
1483,LASER-HARDWARE-01,RUNNING,26.41,-0.483,-0.238,0.76
1484,LASER-HARDWARE-01,RUNNING,24.04,-0.126,0.038,0.8
1485,LASER-HARDWARE-01,FAULT,25.38,0.341,-0.199,0.28
1486,LASER-HARDWARE-01,RUNNING,27.66,0.063,0.325,0.82
1487,LASER-HARDWARE-01,RUNNING,26.06,0.384,0.629,0.89
1488,LASER-HARDWARE-01,RUNNING,24.9,0.387,-0.663,0.82
1489,LASER-HARDWARE-01,RUNNING,23.6,-0.139,-0.152,0.75
1490,LASER-HARDWARE-01,RUNNING,26.03,0.375,-0.576,0.76
1491,LASER-HARDWARE-01,RUNNING,26.61,-0.639,0.288,0.8
1492,LASER-HARDWARE-01,RUNNING,24.6,-0.138,0.404,0.79
1493,LASER-HARDWARE-01,RUNNING,20.31,0.209,-0.148,0.74
1494,LASER-HARDWARE-01,RUNNING,22.39,0.08,0.377,0.8
1495,LASER-HARDWARE-01,RUNNING,25.31,0.421,-0.29,0.88
1496,LASER-HARDWARE-01,RUNNING,27.29,-0.608,-0.174,0.83
1497,LASER-HARDWARE-01,RUNNING,26.2,-0.2,-0.356,0.86
1498,LASER-HARDWARE-01,RUNNING,26.49,-0.157,0.532,0.76
1499,LASER-HARDWARE-01,RUNNING,26.9,-0.231,0.084,0.82
